date,open,high,low,close,adjClose,volume
2015-08-27,1127.199951,1127.400024,1118.400024,1122.400024,1122.400024,564
2015-08-28,1125.300049,1139,1123.599976,1133.099976,1133.099976,279
2015-08-30,null,null,null,null,null,null
2015-08-31,1131.099976,1134,1124.800049,1131.599976,1131.599976,194
2015-09-01,1133.5,1144.699951,1133.5,1138.699951,1138.699951,375
2015-09-02,1137.300049,1140.400024,1130.800049,1132.5,1132.5,201
2015-09-03,1130.300049,1132.900024,1120.300049,1123.699951,1123.699951,122
2015-09-04,1123.400024,1125.199951,1116.199951,1120.599976,1120.599976,51
2015-09-06,null,null,null,null,null,null
2015-09-08,1119.800049,1124.300049,1116.400024,1120.400024,1120.400024,138
2015-09-09,1123.5,1123.5,1102.099976,1102.199951,1102.199951,150
2015-09-10,1107.300049,1113.5,1105.5,1109.5,1109.5,56
2015-09-11,1110.800049,1111.699951,1098.199951,1103.5,1103.5,81
2015-09-13,null,null,null,null,null,null
2015-09-14,1107.800049,1108.599976,1104.099976,1107.699951,1107.699951,19
2015-09-15,1104.5,1104.5,1102.800049,1102.800049,1102.800049,8
2015-09-16,1109.800049,1119.900024,1109.800049,1119.199951,1119.199951,31
2015-09-17,1118.599976,1130.5,1117.099976,1117.300049,1117.300049,14
2015-09-18,1128.300049,1141.199951,1127.800049,1138.099976,1138.099976,59
2015-09-20,null,null,null,null,null,null
2015-09-21,1137.599976,1138.5,1130.800049,1133.099976,1133.099976,17
2015-09-22,1132.599976,1135,1122.5,1125,1125,43
2015-09-23,1128.599976,1132.199951,1128.300049,1131.599976,1131.599976,33
2015-09-24,1133,1155.900024,1133,1153.800049,1153.800049,37
2015-09-25,1149.800049,1149.800049,1143.400024,1146,1146,56
2015-09-27,null,null,null,null,null,null
2015-09-28,1133.199951,1133.199951,1132,1132,1132,4346
2015-09-29,1132.199951,1134.400024,1124.300049,1127.099976,1127.099976,2417
2015-09-30,1124.300049,1126,1112.099976,1115.5,1115.5,865
2015-10-01,1115.199951,1119,1113.300049,1114.199951,1114.199951,1181
2015-10-02,1112.199951,1141.199951,1105.800049,1137.099976,1137.099976,323
2015-10-04,null,null,null,null,null,null
2015-10-05,1137.099976,1141.699951,1132.5,1138.099976,1138.099976,226
2015-10-06,1136.300049,1150,1136.300049,1146.800049,1146.800049,145
2015-10-07,1147.599976,1152.900024,1143,1149,1149,104
2015-10-08,1142.699951,1146.699951,1138.699951,1144.699951,1144.699951,138
2015-10-09,1151.599976,1157.199951,1151.599976,1156.300049,1156.300049,22
2015-10-11,null,null,null,null,null,null
2015-10-12,1155.900024,1166.800049,1155.900024,1164.900024,1164.900024,40
2015-10-13,1163.5,1166.199951,1154.900024,1165.800049,1165.800049,132
2015-10-14,1172.400024,1189,1167.300049,1180.099976,1180.099976,143
2015-10-15,1184.199951,1188.300049,1177.800049,1187.900024,1187.900024,143
2015-10-16,1182.5,1184.099976,1176.199951,1183.599976,1183.599976,243
2015-10-18,null,null,null,null,null,null
2015-10-19,1176.5,1177.800049,1169.300049,1173.300049,1173.300049,62
2015-10-20,1168.699951,1179.099976,1168.699951,1178,1178,19
2015-10-21,1175.900024,1176.400024,1164.900024,1167.599976,1167.599976,41
2015-10-22,1166.199951,1168.599976,1163.5,1166.599976,1166.599976,48
2015-10-23,1166.199951,1178.699951,1163.300049,1163.300049,1163.300049,38
2015-10-25,null,null,null,null,null,null
2015-10-26,1165.099976,1170,1163.800049,1167,1167,176
2015-10-27,1164.5,1166.800049,1162,1166.800049,1166.800049,302
2015-10-28,1175.099976,1182.699951,1175.099976,1177.099976,1177.099976,217
2015-10-29,1158,1162,1144.900024,1147.199951,1147.199951,329
2015-10-30,1147.5,1147.599976,1139.199951,1141.5,1141.5,249
2015-11-01,null,null,null,null,null,null
2015-11-02,1137.900024,1138.699951,1132.599976,1135.800049,1135.800049,180
2015-11-03,1133.300049,1134.699951,1114.199951,1114.199951,1114.199951,185
2015-11-04,1119,1121.900024,1106.5,1106.5,1106.5,141
2015-11-05,1107.900024,1110.699951,1104.400024,1104.400024,1104.400024,84
2015-11-06,1105.199951,1109.5,1084.800049,1087.599976,1087.599976,78
2015-11-08,null,null,null,null,null,null
2015-11-09,1088.599976,1088.599976,1087.900024,1087.900024,1087.900024,5
2015-11-10,1090.099976,1091.300049,1085,1088.199951,1088.199951,18
2015-11-11,1091.400024,1091.400024,1084.199951,1084.699951,1084.699951,15
2015-11-12,1086,1086.599976,1080.800049,1080.800049,1080.800049,4
2015-11-13,1083.099976,1085.900024,1080.800049,1080.800049,1080.800049,23
2015-11-15,null,null,null,null,null,null
2015-11-16,1092,1092.400024,1083.699951,1083.699951,1083.699951,11
2015-11-17,1075.5,1075.800049,1065.099976,1068.699951,1068.699951,6
2015-11-18,1064,1071.900024,1064,1068.800049,1068.800049,5
2015-11-19,1077.400024,1082.400024,1077.400024,1078,1078,10
2015-11-20,1082.900024,1082.900024,1076.400024,1076.400024,1076.400024,5
2015-11-22,null,null,null,null,null,null
2015-11-23,1070,1071.5,1066.800049,1066.800049,1066.800049,57
2015-11-24,1073.199951,1079.400024,1073.199951,1074.300049,1074.300049,222
2015-11-25,1070.199951,1072,1068.5,1070.5,1070.5,148662
2015-11-27,1070.699951,1074.199951,1051.099976,1056.199951,1056.199951,52133
2015-11-29,null,null,null,null,null,null
2015-11-30,1056.5,1068.400024,1052.099976,1065.800049,1065.800049,4601
2015-12-01,1064.599976,1074.599976,1063.400024,1063.800049,1063.800049,3441
2015-12-02,1068.699951,1069.5,1049.599976,1054.199951,1054.199951,503
2015-12-03,1054.400024,1064.599976,1046.199951,1061.699951,1061.699951,1161
2015-12-04,1063,1088.800049,1058.699951,1084.5,1084.5,889
2015-12-06,null,null,null,null,null,null
2015-12-07,1084.900024,1086.5,1067.400024,1076.400024,1076.400024,656
2015-12-08,1071,1078.400024,1069.599976,1076.300049,1076.300049,306
2015-12-09,1075.099976,1086,1070.599976,1077.599976,1077.599976,386
2015-12-10,1073,1076.300049,1071.699951,1073.099976,1073.099976,226
2015-12-11,1067.800049,1079.400024,1064.400024,1076.900024,1076.900024,410
2015-12-13,null,null,null,null,null,null
2015-12-14,1074,1076.699951,1060,1064.699951,1064.699951,509
2015-12-15,1064.599976,1066.199951,1061.800049,1062.900024,1062.900024,220
2015-12-16,1064.800049,1078.699951,1064.300049,1078,1078,81
2015-12-17,1072.599976,1072.599976,1050.5,1050.800049,1050.800049,56
2015-12-18,1053.699951,1070.300049,1052.699951,1066.199951,1066.199951,253
2015-12-20,null,null,null,null,null,null
2015-12-21,1070.199951,1081.900024,1070.199951,1081.900024,1081.900024,26
2015-12-22,1078.599976,1078.599976,1073.800049,1074.800049,1074.800049,106
2015-12-23,1074.5,1074.800049,1069.400024,1069.400024,1069.400024,202
2015-12-24,1074.300049,1077.800049,1073.5,1077.199951,1077.199951,24
2015-12-27,null,null,null,null,null,null
2015-12-28,1077.900024,1098.800049,1070.5,1070.5,1070.5,361
2015-12-29,1079.099976,1079.699951,1077.5,1077.5,1077.5,252
2015-12-30,1068.599976,1070.199951,1059.699951,1060.099976,1060.099976,71
2015-12-31,1061.900024,1062,1058.5,1060.300049,1060.300049,10
2016-01-03,null,null,null,null,null,null
2016-01-04,1063.400024,1082.5,1063.199951,1075.099976,1075.099976,143
2016-01-05,1075.599976,1081.5,1075.300049,1078.400024,1078.400024,82
2016-01-06,1081.599976,1093.699951,1081.599976,1091.900024,1091.900024,52
2016-01-07,1091.599976,1109.400024,1091.599976,1107.699951,1107.699951,122
2016-01-08,1111.099976,1111.099976,1093,1097.800049,1097.800049,98
2016-01-10,null,null,null,null,null,null
2016-01-11,1105.699951,1107.900024,1096.5,1096.5,1096.5,43
2016-01-12,1093.800049,1098.5,1084,1085.599976,1085.599976,87
2016-01-13,1081.5,1093.900024,1081.5,1087.5,1087.5,50
2016-01-14,1091.5,1091.5,1073.699951,1073.900024,1073.900024,59
2016-01-15,1085,1095.800049,1081.800049,1091.5,1091.5,44
2016-01-17,null,null,null,null,null,null
2016-01-18,null,null,null,null,null,null
2016-01-19,1089.800049,1094.400024,1084.900024,1089.900024,1089.900024,17
2016-01-20,1099.800049,1109.800049,1099.800049,1107.099976,1107.099976,30
2016-01-21,1103.599976,1103.599976,1094.099976,1099.099976,1099.099976,16
2016-01-22,1098,1103.199951,1097.199951,1097.199951,1097.199951,4
2016-01-24,null,null,null,null,null,null
2016-01-25,1099.300049,1109.300049,1099.300049,1106.199951,1106.199951,8
2016-01-26,1115.099976,1121.699951,1114.300049,1121.699951,1121.699951,181
2016-01-27,1117.800049,1117.800049,1115.800049,1116.099976,1116.099976,168706
2016-01-28,1125.400024,1125.699951,1109.800049,1115.599976,1115.599976,52861
2016-01-29,1114.400024,1118.599976,1108.800049,1116.400024,1116.400024,6955
2016-01-31,null,null,null,null,null,null
2016-02-01,1116.699951,1130,1115.300049,1127.900024,1127.900024,1682
2016-02-02,1128.300049,1131.400024,1123,1127.300049,1127.300049,1230
2016-02-03,1128.5,1146,1125,1141.300049,1141.300049,1630
2016-02-04,1142.5,1157.599976,1141,1157.599976,1157.599976,771
2016-02-05,1155.599976,1174.800049,1146,1157.800049,1157.800049,877
2016-02-07,null,null,null,null,null,null
2016-02-08,1173.5,1200.400024,1165,1197.900024,1197.900024,931
2016-02-09,1188.699951,1199.199951,1186.699951,1198.699951,1198.699951,700
2016-02-10,1189.800049,1197.699951,1182.099976,1194.699951,1194.699951,671
2016-02-11,1205.599976,1260.800049,1204.599976,1247.900024,1247.900024,995
2016-02-12,1247.800049,1247.800049,1233.5,1239.099976,1239.099976,250
2016-02-14,null,null,null,null,null,null
2016-02-15,null,null,null,null,null,null
2016-02-16,1233.099976,1233.599976,1193.599976,1207.900024,1207.900024,422
2016-02-17,1196.5,1212.900024,1196.5,1211.099976,1211.099976,53
2016-02-18,1209.599976,1239.199951,1201.599976,1226.099976,1226.099976,315
2016-02-19,1230.800049,1232.800049,1221.800049,1230.400024,1230.400024,76
2016-02-21,null,null,null,null,null,null
2016-02-22,1226.099976,1226.099976,1203,1209.5,1209.5,280
2016-02-23,1207.400024,1226.099976,1207.400024,1222.300049,1222.300049,351
2016-02-24,1230,1250.099976,1230,1238.699951,1238.699951,111
2016-02-25,1239.400024,1241.5,1235,1238.199951,1238.199951,1349
2016-02-26,1232.400024,1239.099976,1212.199951,1219.800049,1219.800049,656
2016-02-28,null,null,null,null,null,null
2016-02-29,1218.599976,1241,1218.599976,1233.900024,1233.900024,580
2016-03-01,1240.5,1248.400024,1229,1230.300049,1230.300049,477
2016-03-02,1232.800049,1242.599976,1226,1241.099976,1241.099976,267
2016-03-03,1238.400024,1267.900024,1238,1257.400024,1257.400024,123
2016-03-04,1263,1279.900024,1250.900024,1269.900024,1269.900024,268
2016-03-06,null,null,null,null,null,null
2016-03-07,1259.800049,1272.300049,1259.699951,1263.199951,1263.199951,67
2016-03-08,1268.699951,1276.300049,1261,1262.099976,1262.099976,43
2016-03-09,1254.5,1260,1244.800049,1256.599976,1256.599976,79
2016-03-10,1250,1273,1237.5,1272,1272,119
2016-03-11,1270,1280.699951,1249.400024,1258.699951,1258.699951,87
2016-03-13,null,null,null,null,null,null
2016-03-14,1256,1258,1234.5,1244.400024,1244.400024,58
2016-03-15,1228.300049,1236,1228,1230.400024,1230.400024,37
2016-03-16,1229.5,1263.800049,1228.900024,1229.300049,1229.300049,45
2016-03-17,1261.5,1270.099976,1255.900024,1264.5,1264.5,27
2016-03-18,1257.099976,1264.400024,1251.5,1253.800049,1253.800049,542
2016-03-20,null,null,null,null,null,null
2016-03-21,1256.199951,1256.199951,1243.400024,1243.800049,1243.800049,1061
2016-03-22,1244,1252.400024,1243.800049,1248.199951,1248.199951,20
2016-03-23,1247.699951,1247.699951,1218.599976,1223.699951,1223.699951,28
2016-03-24,1214.199951,1221.400024,1214.199951,1221.400024,1221.400024,13
2016-03-27,null,null,null,null,null,null
2016-03-28,1211.5,1222.199951,1210,1219.900024,1219.900024,33
2016-03-29,1217.800049,1235.599976,1217.699951,1235.599976,1235.599976,189732
2016-03-30,1241.400024,1245,1223.400024,1226.900024,1226.900024,48248
2016-03-31,1225.599976,1239.599976,1224.5,1234.199951,1234.199951,3377
2016-04-01,1232.300049,1235.199951,1209.199951,1222.199951,1222.199951,1602
2016-04-03,null,null,null,null,null,null
2016-04-04,1221.699951,1222.300049,1215,1218,1218,2038
2016-04-05,1215.400024,1236.699951,1215.400024,1228.400024,1228.400024,477
2016-04-06,1230.400024,1230.400024,1217.599976,1222.5,1222.5,248
2016-04-07,1224.800049,1242.900024,1224.599976,1236.199951,1236.199951,375
2016-04-08,1241,1242.800049,1232,1242.5,1242.5,409
2016-04-10,null,null,null,null,null,null
2016-04-11,1241.5,1258.699951,1241.5,1256.699951,1256.699951,437
2016-04-12,1260,1261.699951,1253.699951,1259.400024,1259.400024,185
2016-04-13,1256.5,1256.900024,1241.300049,1246.800049,1246.800049,203
2016-04-14,1231.400024,1243.699951,1224.5,1225,1225,264
2016-04-15,1225.699951,1235,1225.699951,1233.099976,1233.099976,97
2016-04-17,null,null,null,null,null,null
2016-04-18,1238.699951,1241.099976,1232.199951,1233.599976,1233.599976,304
2016-04-19,1231.599976,1256.199951,1228.800049,1253,1253,386
2016-04-20,1256.099976,1256.099976,1243,1253.199951,1253.199951,180
2016-04-21,1247.699951,1270.599976,1247.599976,1249,1249,124
2016-04-22,1248.5,1248.5,1228,1228.699951,1228.699951,188
2016-04-24,null,null,null,null,null,null
2016-04-25,1231.599976,1240.900024,1231.599976,1238.900024,1238.900024,442
2016-04-26,1239.800049,1244.199951,1233,1242.199951,1242.199951,97
2016-04-27,1248.599976,1249.5,1248.599976,1249.199951,1249.199951,547
2016-04-28,1245.900024,1270.099976,1238.5,1265.5,1265.5,887
2016-04-29,1267.300049,1295.5,1267.199951,1289.199951,1289.199951,464
2016-05-01,null,null,null,null,null,null
2016-05-02,1292.099976,1304.400024,1290.400024,1294.699951,1294.699951,192
2016-05-03,1292.699951,1301.5,1284.5,1290.699951,1290.699951,151
2016-05-04,1286.900024,1290,1273,1273.300049,1273.300049,109
2016-05-05,1282.900024,1286,1270.800049,1271.400024,1271.400024,330
2016-05-06,1278.599976,1295.599976,1276.900024,1292.900024,1292.900024,305
2016-05-08,null,null,null,null,null,null
2016-05-09,1286.5,1286.5,1262.300049,1265.599976,1265.599976,341
2016-05-10,1265.099976,1267.400024,1258.699951,1263.900024,1263.900024,23
2016-05-11,1266.900024,1279.199951,1266.900024,1274.599976,1274.599976,50
2016-05-12,1267,1281.199951,1264,1270.300049,1270.300049,101
2016-05-13,1271.400024,1275.699951,1264.599976,1271.900024,1271.900024,66
2016-05-15,null,null,null,null,null,null
2016-05-16,1272.800049,1287.800049,1272.800049,1273.400024,1273.400024,44
2016-05-17,1272.5,1281.599976,1270.800049,1276.199951,1276.199951,16
2016-05-18,1276.400024,1276.400024,1256.800049,1273.699951,1273.699951,17
2016-05-19,1248,1255.5,1247.5,1254.199951,1254.199951,69
2016-05-20,1256.599976,1256.599976,1252.400024,1252.400024,1252.400024,44
2016-05-22,null,null,null,null,null,null
2016-05-23,1251.599976,1251.599976,1247.5,1251.099976,1251.099976,56
2016-05-24,1240,1240,1228.199951,1228.900024,1228.900024,20
2016-05-25,1219.300049,1223.5,1218.599976,1223.5,1223.5,5
2016-05-26,1232.599976,1232.599976,1220.099976,1220.099976,1220.099976,199778
2016-05-27,1220.300049,1223.199951,1206.400024,1213.800049,1213.800049,63739
2016-05-29,null,null,null,null,null,null
2016-05-31,1212.5,1217.599976,1199,1214.800049,1214.800049,6432
2016-06-01,1215.699951,1219.800049,1205.400024,1211.900024,1211.900024,2717
2016-06-02,1212.400024,1217,1209.599976,1209.800049,1209.800049,1627
2016-06-03,1209.099976,1244.5,1206.400024,1240.099976,1240.099976,1622
2016-06-05,null,null,null,null,null,null
2016-06-06,1244.400024,1247.300049,1240,1244.599976,1244.599976,1135
2016-06-07,1244,1244.900024,1236.5,1244.400024,1244.400024,281
2016-06-08,1247.599976,1264,1247.300049,1259.800049,1259.800049,406
2016-06-09,1262.5,1271.400024,1258.099976,1270.199951,1270.199951,381
2016-06-10,1267.599976,1278,1265.300049,1273.400024,1273.400024,397
2016-06-12,null,null,null,null,null,null
2016-06-13,1276.199951,1287.300049,1273,1284.400024,1284.400024,328
2016-06-14,1281.800049,1289.699951,1277.800049,1285.599976,1285.599976,554
2016-06-15,1284.599976,1296.199951,1278.800049,1285.800049,1285.800049,162
2016-06-16,1296.300049,1316.400024,1281.099976,1296.099976,1296.099976,251
2016-06-17,1280.300049,1300.099976,1280.300049,1292.5,1292.5,129
2016-06-19,null,null,null,null,null,null
2016-06-20,1288.900024,1291.199951,1280.300049,1290,1290,153
2016-06-21,1293.900024,1293.900024,1266.300049,1270.5,1270.5,134
2016-06-22,1267,1269.199951,1264.900024,1268,1268,53
2016-06-23,1263.400024,1270.5,1255.199951,1261.199951,1261.199951,218
2016-06-24,1253.699951,1355.599976,1253.699951,1320,1320,694
2016-06-26,null,null,null,null,null,null
2016-06-27,1330,1331.699951,1320,1322.5,1322.5,92
2016-06-28,1314.800049,1315.599976,1314.099976,1315.300049,1315.300049,1072
2016-06-29,1311.599976,1327.400024,1311.599976,1323.900024,1323.900024,414
2016-06-30,1315.800049,1323.5,1314.5,1318.400024,1318.400024,560
2016-07-01,1324.5,1344.199951,1321.900024,1336.699951,1336.699951,137
2016-07-03,null,null,null,null,null,null
2016-07-05,1342.199951,1356.800049,1339.699951,1356.400024,1356.400024,90
2016-07-06,1359,1374.900024,1359,1364.900024,1364.900024,130
2016-07-07,1366.800049,1368.599976,1350.5,1360.099976,1360.099976,207
2016-07-08,1361.300049,1365.800049,1335,1356.599976,1356.599976,249
2016-07-10,null,null,null,null,null,null
2016-07-11,1371.699951,1371.800049,1353,1355,1355,26
2016-07-12,1353.599976,1356,1330.300049,1334.099976,1334.099976,252
2016-07-13,1341.5,1342.400024,1336.699951,1342.400024,1342.400024,7
2016-07-14,1341.400024,1341.400024,1322.699951,1331.300049,1331.300049,20
2016-07-15,1333.699951,1333.699951,1322.900024,1326.5,1326.5,52
2016-07-17,null,null,null,null,null,null
2016-07-18,1327.5,1335,1326.199951,1328.400024,1328.400024,54
2016-07-19,1328.5,1333.199951,1326.400024,1331.5,1331.5,322
2016-07-20,1331,1337.5,1315.5,1318.800049,1318.800049,751
2016-07-21,1312.800049,1330.5,1312.800049,1330.5,1330.5,318
2016-07-22,1330.699951,1330.699951,1320.400024,1323.099976,1323.099976,55
2016-07-24,null,null,null,null,null,null
2016-07-25,1315.699951,1319.300049,1313.800049,1319.300049,1319.300049,548
2016-07-26,1315.199951,1320.699951,1315.199951,1320.699951,1320.699951,63
2016-07-27,1326,1326.599976,1326,1326.599976,1326.599976,215388
2016-07-28,1339.5,1344.300049,1330.099976,1332.300049,1332.300049,56908
2016-07-29,1333.199951,1353.300049,1325.800049,1349,1349,6076
2016-07-31,null,null,null,null,null,null
2016-08-01,1348.800049,1353.5,1345.599976,1351.400024,1351.400024,1257
2016-08-02,1352.099976,1366,1346.599976,1364.400024,1364.400024,2941
2016-08-03,1362.400024,1364.699951,1353.300049,1356.099976,1356.099976,715
2016-08-04,1354.400024,1361.599976,1347,1358.800049,1358.800049,381
2016-08-05,1357.599976,1360.800049,1333.699951,1336.400024,1336.400024,1107
2016-08-07,null,null,null,null,null,null
2016-08-08,1330,1335.400024,1327.800049,1333.400024,1333.400024,587
2016-08-09,1331.800049,1339.400024,1328.5,1339,1339,620
2016-08-10,1344.800049,1354.199951,1344.300049,1344.300049,1344.300049,110
2016-08-11,1341.599976,1350.400024,1334.800049,1342.5,1342.5,666
2016-08-12,1336.800049,1351.800049,1333.199951,1335.800049,1335.800049,113
2016-08-14,null,null,null,null,null,null
2016-08-15,1336.5,1340.599976,1333.599976,1340.300049,1340.300049,62
2016-08-16,1342.199951,1355,1341,1350.5,1350.5,338
2016-08-17,1345.5,1347.300049,1338.599976,1342.699951,1342.699951,135
2016-08-18,1351.300049,1354.400024,1348.199951,1351.199951,1351.199951,140
2016-08-19,1350.099976,1350.099976,1338.599976,1340.400024,1340.400024,197
2016-08-21,null,null,null,null,null,null
2016-08-22,1334.400024,1337.699951,1333.300049,1337.699951,1337.699951,117
2016-08-23,1337,1341.199951,1334.300049,1340.599976,1340.599976,551
2016-08-24,1337.199951,1337.199951,1322.900024,1324.400024,1324.400024,262
2016-08-25,1321.400024,1324,1317,1320.099976,1320.099976,58
2016-08-26,1323.800049,1340.5,1320.099976,1321.5,1321.5,141
2016-08-28,null,null,null,null,null,null
2016-08-29,1315,1323,1315,1322.900024,1322.900024,437
2016-08-30,1322,1322.099976,1308,1311.699951,1311.699951,705
2016-08-31,1310.300049,1313.699951,1306.300049,1306.900024,1306.900024,214
2016-09-01,1305.300049,1313.099976,1301.5,1312.199951,1312.199951,225
2016-09-02,1309.599976,1326.699951,1309.199951,1322.099976,1322.099976,55
2016-09-04,null,null,null,null,null,null
2016-09-06,1323.300049,1349.400024,1323.199951,1349.400024,1349.400024,46
2016-09-07,1348.400024,1350.5,1343.900024,1344.300049,1344.300049,14
2016-09-08,1344.800049,1345.400024,1335.699951,1336.800049,1336.800049,30
2016-09-09,1338.5,1338.5,1328,1330.099976,1330.099976,35
2016-09-11,null,null,null,null,null,null
2016-09-12,1327,1329.300049,1319.900024,1321,1321,177
2016-09-13,1324.599976,1324.599976,1315,1319,1319,79
2016-09-14,1319.199951,1322.300049,1319.199951,1321.5,1321.5,73
2016-09-15,1320.699951,1320.699951,1310.800049,1313.5,1313.5,37
2016-09-16,1312.199951,1312.599976,1305.800049,1305.800049,1305.800049,4
2016-09-18,null,null,null,null,null,null
2016-09-19,1313.5,1313.5,1313.5,1313.5,1313.5,20
2016-09-20,1313.699951,1313.699951,1313.699951,1313.699951,1313.699951,97
2016-09-21,1326.300049,1326.900024,1324,1326.900024,1326.900024,76
2016-09-22,1338.599976,1340.400024,1338.199951,1340.400024,1340.400024,23
2016-09-23,1337.199951,1337.199951,1337.199951,1337.199951,1337.199951,40
2016-09-25,null,null,null,null,null,null
2016-09-26,1335.199951,1341.800049,1335.199951,1339.699951,1339.699951,24
2016-09-27,1328,1328.699951,1325.900024,1325.900024,1325.900024,48
2016-09-28,1319.400024,1319.400024,1319.400024,1319.400024,1319.400024,10551
2016-09-29,1321.199951,1325,1314.699951,1321.699951,1321.699951,6108
2016-09-30,1320.599976,1327.699951,1312.900024,1313.300049,1313.300049,868
2016-10-02,null,null,null,null,null,null
2016-10-03,1313.5,1316.800049,1308.199951,1309,1309,299
2016-10-04,1307.599976,1310.199951,1266.300049,1266.300049,1266.300049,1893
2016-10-05,1272.099976,1274,1261.300049,1265.199951,1265.199951,246
2016-10-06,1265.300049,1265.300049,1249.800049,1249.800049,1249.800049,114
2016-10-07,1253.900024,1263.599976,1248.900024,1248.900024,1248.900024,169
2016-10-09,null,null,null,null,null,null
2016-10-11,1258.900024,1258.900024,1253,1253,1253,26
2016-10-12,1251.699951,1254,1251.099976,1251.099976,1251.099976,127
2016-10-13,1258.699951,1259,1255,1255,1255,315
2016-10-14,1253.900024,1253.900024,1250.599976,1253.099976,1253.099976,311
2016-10-16,null,null,null,null,null,null
2016-10-17,1249.900024,1255,1249.900024,1254.400024,1254.400024,41
2016-10-18,1260.900024,1261.699951,1260.800049,1260.800049,1260.800049,11
2016-10-19,1262.900024,1271.5,1262.900024,1267.900024,1267.900024,219
2016-10-20,1270,1270.5,1265.5,1265.599976,1265.599976,415
2016-10-21,1265.900024,1265.900024,1265.900024,1265.900024,1265.900024,224
2016-10-23,null,null,null,null,null,null
2016-10-24,1269.199951,1269.199951,1261.800049,1262,1262,42
2016-10-25,1264.099976,1274.099976,1264.099976,1271.900024,1271.900024,61
2016-10-26,1274,1274,1264.800049,1264.800049,1264.800049,279
2016-10-27,1269.400024,1269.400024,1267.900024,1267.900024,1267.900024,338
2016-10-28,1270.300049,1281.5,1262,1275.5,1275.5,560
2016-10-30,null,null,null,null,null,null
2016-10-31,1276.599976,1276.599976,1271.5,1271.5,1271.5,58
2016-11-01,1279.300049,1290.699951,1279,1286.400024,1286.400024,49
2016-11-02,1288.300049,1307,1288.300049,1306.800049,1306.800049,30
2016-11-03,1296.400024,1303.099976,1287.300049,1302.099976,1302.099976,73
2016-11-04,1300,1303.300049,1296.699951,1303.300049,1303.300049,11
2016-11-06,null,null,null,null,null,null
2016-11-07,1292,1294.5,1278.300049,1278.300049,1278.300049,34
2016-11-08,1284.099976,1289.400024,1273.199951,1273.400024,1273.400024,50
2016-11-09,1272.199951,1318.599976,1270,1272.599976,1272.599976,108
2016-11-10,1274.400024,1287.5,1253.300049,1265.5,1265.5,63
2016-11-13,null,null,null,null,null,null
2016-11-14,1227.800049,1229.5,1210.400024,1221.199951,1221.199951,216
2016-11-15,1224.300049,1226,1222.5,1224,1224,20
2016-11-16,1229.300049,1229.300049,1223,1223.400024,1223.400024,66
2016-11-17,1224.599976,1225,1211,1216.5,1216.5,1139
2016-11-18,1211.900024,1211.900024,1207.199951,1208.5,1208.5,607
2016-11-20,null,null,null,null,null,null
2016-11-21,1209.599976,1209.599976,1209.599976,1209.599976,1209.599976,19
2016-11-22,1210.400024,1211.099976,1207.599976,1211,1211,19
2016-11-23,1212.800049,1213.800049,1186.800049,1189.099976,1189.099976,309
2016-11-25,1177,1189.300049,1177,1178.199951,1178.199951,14
2016-11-27,null,null,null,null,null,null
2016-11-28,1188,1190.599976,1188,1190.599976,1190.599976,189914
2016-11-29,1193.199951,1194.800049,1179.400024,1187.900024,1187.900024,42124
2016-11-30,1187.099976,1193.300049,1167.900024,1170.800049,1170.800049,7158
2016-12-01,1172.699951,1174.599976,1160,1166.900024,1166.900024,1588
2016-12-02,1172.300049,1177.300049,1166.400024,1175.099976,1175.099976,1521
2016-12-04,null,null,null,null,null,null
2016-12-05,1181.800049,1186.699951,1157,1174,1174,358
2016-12-06,1170.900024,1174.5,1167.099976,1167.599976,1167.599976,652
2016-12-07,1167.699951,1178.5,1166.400024,1175,1175,182
2016-12-08,1173.800049,1177.800049,1169.099976,1169.800049,1169.800049,322
2016-12-09,1166.599976,1168.800049,1156,1159.400024,1159.400024,365
2016-12-11,null,null,null,null,null,null
2016-12-12,1158.300049,1163.900024,1153,1163.5,1163.5,331
2016-12-13,1163.5,1164,1155.400024,1156.699951,1156.699951,637
2016-12-14,1159.800049,1164,1142,1161.300049,1161.300049,487
2016-12-15,1139.800049,1143.300049,1123.900024,1127.800049,1127.800049,244
2016-12-16,1126.900024,1140.900024,1126.900024,1135.300049,1135.300049,146
2016-12-18,null,null,null,null,null,null
2016-12-19,1139.400024,1140.699951,1137.900024,1140.5,1140.5,249
2016-12-20,1133.5,1133.5,1126.5,1131.5,1131.5,46
2016-12-21,1136.099976,1136.099976,1130,1131.099976,1131.099976,50
2016-12-22,1131.199951,1132.800049,1128.300049,1128.800049,1128.800049,104
2016-12-23,1130.900024,1132.800049,1130.300049,1131.900024,1131.900024,70
2016-12-25,null,null,null,null,null,null
2016-12-27,1134.300049,1142.199951,1134.300049,1137.300049,1137.300049,84
2016-12-28,1141.199951,1141.199951,1138,1139.400024,1139.400024,1570
2016-12-29,1143.800049,1158.800049,1143.599976,1156.400024,1156.400024,950
2016-12-30,1162,1162,1150,1150,1150,16
2017-01-01,null,null,null,null,null,null
2017-01-03,1155.199951,1160.800049,1146.5,1160.400024,1160.400024,52
2017-01-04,1156.300049,1165,1156.300049,1163.800049,1163.800049,36
2017-01-05,1172,1183.300049,1171.5,1179.699951,1179.699951,500
2017-01-06,1176.5,1176.5,1171.900024,1171.900024,1171.900024,16
2017-01-08,null,null,null,null,null,null
2017-01-09,1173.900024,1183.599976,1173,1183.5,1183.5,62
2017-01-10,1184.300049,1188.900024,1182.300049,1184.199951,1184.199951,8
2017-01-11,1187.5,1197,1176.5,1195.599976,1195.599976,20
2017-01-12,1192.699951,1204.300049,1192.300049,1198.900024,1198.900024,110
2017-01-13,1195.699951,1196,1187.699951,1195.300049,1195.300049,65
2017-01-15,null,null,null,null,null,null
2017-01-17,1205.5,1214.599976,1200.800049,1212,1212,79
2017-01-18,1213.599976,1214.699951,1203.099976,1211.300049,1211.300049,114
2017-01-19,1200.5,1204,1195.800049,1200.900024,1200.900024,26
2017-01-20,1202.800049,1212.099976,1202.800049,1204.300049,1204.300049,38
2017-01-22,null,null,null,null,null,null
2017-01-23,1212,1215,1210,1215,1215,16
2017-01-24,1219,1219,1207.699951,1210.300049,1210.300049,24
2017-01-25,1202,1202.800049,1194.900024,1197.300049,1197.300049,403
2017-01-26,1199.699951,1199.699951,1185.599976,1189.5,1189.5,19
2017-01-27,1187.900024,1188.300049,1187.900024,1188.099976,1188.099976,234352
2017-01-29,null,null,null,null,null,null
2017-01-30,1191.699951,1198.5,1187.099976,1193.199951,1193.199951,50503
2017-01-31,1194.900024,1214.699951,1193.5,1208.599976,1208.599976,3212
2017-02-01,1211.900024,1211.900024,1197.900024,1205.599976,1205.599976,1145
2017-02-02,1209.699951,1224.199951,1208.900024,1216.699951,1216.699951,1512
2017-02-03,1214.900024,1220.599976,1206.199951,1218.5,1218.5,865
2017-02-05,null,null,null,null,null,null
2017-02-06,1221.900024,1235.400024,1218.5,1230,1230,908
2017-02-07,1234.199951,1236.199951,1228.5,1234.199951,1234.199951,1177
2017-02-08,1232.099976,1243.900024,1231,1237.599976,1237.599976,288
2017-02-09,1239.400024,1243.5,1226.900024,1235.099976,1235.099976,885
2017-02-10,1227.599976,1234.400024,1221.5,1234.400024,1234.400024,391
2017-02-12,null,null,null,null,null,null
2017-02-13,1230.5,1231.099976,1219,1224.400024,1224.400024,398
2017-02-14,1225.900024,1233.5,1222.099976,1223.900024,1223.900024,159
2017-02-15,1225.5,1231.699951,1217.300049,1231.699951,1231.699951,175
2017-02-16,1234.5,1240.699951,1233.199951,1240,1240,87
2017-02-17,1240.699951,1241.199951,1234.800049,1237.599976,1237.599976,301
2017-02-19,null,null,null,null,null,null
2017-02-21,1237.300049,1237.5,1228.099976,1237.5,1237.5,119
2017-02-22,1236.099976,1238.599976,1231.800049,1232,1232,36
2017-02-23,1236.099976,1250.300049,1236.099976,1250.199951,1250.199951,112
2017-02-24,1250,1258.800049,1250,1256.900024,1256.900024,1264
2017-02-26,null,null,null,null,null,null
2017-02-27,1254.699951,1263.099976,1250.400024,1257.400024,1257.400024,544
2017-02-28,1253.599976,1257.300049,1247.199951,1252.599976,1252.599976,721
2017-03-01,1247.800049,1248.900024,1236.900024,1248.900024,1248.900024,138
2017-03-02,1247.199951,1247.599976,1230.699951,1231.900024,1231.900024,79
2017-03-03,1231.699951,1235.199951,1222.900024,1225.5,1225.5,121
2017-03-05,null,null,null,null,null,null
2017-03-06,1235.199951,1235.199951,1224.5,1224.5,1224.5,29
2017-03-07,1224.300049,1225.400024,1213.699951,1215.099976,1215.099976,53
2017-03-08,1212.199951,1212.199951,1206.699951,1208.5,1208.5,24
2017-03-09,1204.5,1205.599976,1202.300049,1202.400024,1202.400024,37
2017-03-10,1196.199951,1203.300049,1196.199951,1200.699951,1200.699951,3
2017-03-12,null,null,null,null,null,null
2017-03-13,1206.199951,1210,1202.300049,1202.400024,1202.400024,35
2017-03-14,1203.099976,1205.900024,1196.800049,1201.900024,1201.900024,22
2017-03-15,1198.199951,1221.199951,1197.699951,1200.099976,1200.099976,36
2017-03-16,1222.199951,1231.400024,1222.199951,1226.5,1226.5,47
2017-03-17,1227.099976,1230.900024,1227.099976,1229.800049,1229.800049,26
2017-03-19,null,null,null,null,null,null
2017-03-20,1229.300049,1234.400024,1229.300049,1233.599976,1233.599976,23
2017-03-21,1226.400024,1246.099976,1226.400024,1246.099976,1246.099976,11
2017-03-22,1247.900024,1249.5,1247.699951,1249.300049,1249.300049,3
2017-03-23,1246.400024,1247.5,1244.800049,1246.900024,1246.900024,16
2017-03-24,1248,1248.300049,1247.599976,1248.199951,1248.199951,3
2017-03-26,null,null,null,null,null,null
2017-03-27,1255.800049,1257.699951,1253.800049,1255.400024,1255.400024,72
2017-03-28,1255.900024,1255.900024,1255.300049,1255.300049,1255.300049,19
2017-03-29,1252.199951,1253.400024,1252.099976,1253.400024,1253.400024,190678
2017-03-30,1253.099976,1253.599976,1241.099976,1245,1245,51328
2017-03-31,1242.099976,1248.800049,1238.699951,1247.300049,1247.300049,8223
2017-04-02,null,null,null,null,null,null
2017-04-03,1247.5,1252.400024,1243.599976,1250.800049,1250.800049,1160
2017-04-04,1253.099976,1260.300049,1253,1255,1255,724
2017-04-05,1255.400024,1255.400024,1243,1245.400024,1245.400024,907
2017-04-06,1256.099976,1257.5,1249,1250.300049,1250.300049,169
2017-04-07,1249.5,1269.099976,1249.5,1254.300049,1254.300049,445
2017-04-09,null,null,null,null,null,null
2017-04-10,1252.699951,1255.199951,1246.800049,1251.099976,1251.099976,182
2017-04-11,1254.5,1273.5,1254.5,1271.199951,1271.199951,401
2017-04-12,1275,1285.099976,1272,1275.300049,1275.300049,492
2017-04-13,1285.300049,1287.599976,1282,1285.900024,1285.900024,915
2017-04-16,null,null,null,null,null,null
2017-04-17,1291.800049,1294.800049,1284.300049,1289.400024,1289.400024,73
2017-04-18,1283.900024,1291.699951,1278.599976,1291.699951,1291.699951,394
2017-04-19,1288,1288,1274,1281.400024,1281.400024,194
2017-04-20,1279.699951,1281.900024,1276.199951,1281.900024,1281.900024,127
2017-04-21,1279.800049,1287.400024,1279.199951,1287.400024,1287.400024,474
2017-04-23,null,null,null,null,null,null
2017-04-24,1275,1276.400024,1265,1275.800049,1275.800049,605
2017-04-25,1275.599976,1276.900024,1262.099976,1265.599976,1265.599976,356
2017-04-26,1266,1266,1262.099976,1262.099976,1262.099976,1156
2017-04-27,1266.699951,1267.199951,1262.199951,1263.699951,1263.699951,206
2017-04-28,1265.900024,1267.199951,1264.699951,1266.099976,1266.099976,85
2017-04-30,null,null,null,null,null,null
2017-05-01,1268.699951,1269.300049,1253.300049,1253.300049,1253.300049,34
2017-05-02,1256.199951,1256.199951,1251.199951,1255.099976,1255.099976,90
2017-05-03,1255.099976,1255.800049,1238.699951,1246.400024,1246.400024,195
2017-05-04,1239.800049,1239.800049,1224.199951,1226.5,1226.5,72
2017-05-05,1227,1233.699951,1224.800049,1224.800049,1224.800049,16
2017-05-07,null,null,null,null,null,null
2017-05-08,1224,1234,1224,1225.300049,1225.300049,43
2017-05-09,1226.099976,1226.199951,1214,1214.300049,1214.300049,55
2017-05-10,1219.800049,1220.199951,1217.300049,1217.300049,1217.300049,23
2017-05-11,1218.5,1222.699951,1218.300049,1222.699951,1222.699951,13
2017-05-12,1228,1229.5,1226.099976,1226.199951,1226.199951,29
2017-05-14,null,null,null,null,null,null
2017-05-15,1227.5,1232.699951,1227.5,1228.599976,1228.599976,13
2017-05-16,1230.400024,1237.300049,1230.400024,1235,1235,20
2017-05-17,1241,1259.199951,1240.699951,1257.5,1257.5,26
2017-05-18,1254.800049,1260,1245.800049,1251.699951,1251.699951,43
2017-05-19,1252.699951,1252.699951,1252.699951,1252.699951,1252.699951,14
2017-05-21,null,null,null,null,null,null
2017-05-22,1251.699951,1260.699951,1251.699951,1260.699951,1260.699951,14
2017-05-23,1261.5,1261.599976,1250.599976,1254.800049,1254.800049,20
2017-05-24,1251.900024,1257.800049,1249.699951,1252.400024,1252.400024,14
2017-05-25,1257.099976,1258.300049,1255.800049,1255.800049,1255.800049,11
2017-05-26,1267.599976,1267.599976,1267.599976,1267.599976,1267.599976,271457
2017-05-28,null,null,null,null,null,null
2017-05-30,1267.400024,1270,1258.400024,1262.099976,1262.099976,129819
2017-05-31,1262.400024,1273.199951,1258.5,1272,1272,2712
2017-06-01,1268,1269.199951,1260.800049,1267,1267,825
2017-06-02,1265.199951,1279,1259,1276.800049,1276.800049,1732
2017-06-04,null,null,null,null,null,null
2017-06-05,1279.199951,1282,1277,1279.300049,1279.300049,433
2017-06-06,1279.400024,1295.199951,1279.400024,1294.400024,1294.400024,942
2017-06-07,1291.599976,1293.099976,1284.300049,1290.099976,1290.099976,641
2017-06-08,1285.400024,1287.599976,1268.099976,1276.300049,1276.300049,319
2017-06-09,1277.900024,1277.900024,1264.599976,1268.5,1268.5,467
2017-06-11,null,null,null,null,null,null
2017-06-12,1266.400024,1269.300049,1263.199951,1266.099976,1266.099976,255
2017-06-13,1264.099976,1266.900024,1259.699951,1265.800049,1265.800049,150
2017-06-14,1269.400024,1278,1256.800049,1272.800049,1272.800049,336
2017-06-15,1263.199951,1264.199951,1250.300049,1252.199951,1252.199951,743
2017-06-16,1252.800049,1255.300049,1251.300049,1254,1254,34
2017-06-18,null,null,null,null,null,null
2017-06-19,1252.099976,1252.199951,1241.900024,1244.199951,1244.199951,108
2017-06-20,1242.199951,1245.5,1240.5,1241,1241,75
2017-06-21,1244.099976,1245,1240,1243.400024,1243.400024,205
2017-06-22,1251,1252.699951,1246.300049,1247.599976,1247.599976,156
2017-06-23,1250,1273.599976,1249.800049,1256.199951,1256.199951,269
2017-06-25,null,null,null,null,null,null
2017-06-26,1260.199951,1260.199951,1241.599976,1246.300049,1246.300049,194
2017-06-27,1251.599976,1251.800049,1245.900024,1246.400024,1246.400024,111
2017-06-28,1248.5,1248.5,1248,1248,1248,370
2017-06-29,1248.199951,1250.699951,1238.099976,1244.199951,1244.199951,540
2017-06-30,1243.699951,1243.699951,1239.099976,1240.699951,1240.699951,43
2017-07-02,null,null,null,null,null,null
2017-07-03,null,null,null,null,null,null
2017-07-05,1222.5,1225,1217.099976,1220.400024,1220.400024,40
2017-07-06,1225.099976,1225.099976,1222.199951,1222.199951,1222.199951,5
2017-07-07,1219.099976,1220.400024,1208.599976,1208.599976,1208.599976,116
2017-07-09,null,null,null,null,null,null
2017-07-10,1211.400024,1212.099976,1209.599976,1212.099976,1212.099976,28
2017-07-11,1208.699951,1214.900024,1208.699951,1213.599976,1213.599976,12
2017-07-12,1218.300049,1219.400024,1217.900024,1218.099976,1218.099976,7
2017-07-13,1221.400024,1221.400024,1216.300049,1216.300049,1216.300049,7
2017-07-14,1214.900024,1227.5,1214.800049,1226.599976,1226.599976,23
2017-07-16,null,null,null,null,null,null
2017-07-17,1229.900024,1233.400024,1229.900024,1232.800049,1232.800049,7
2017-07-18,1236.199951,1241.199951,1236.199951,1241.099976,1241.099976,29
2017-07-19,1240.400024,1241.199951,1240.099976,1241.199951,1241.199951,3
2017-07-20,1236.599976,1244.800049,1236.599976,1244.800049,1244.800049,5
2017-07-21,1250.699951,1254.300049,1250.5,1254.300049,1254.300049,16
2017-07-23,null,null,null,null,null,null
2017-07-24,1256,1256,1253.900024,1253.900024,1253.900024,8
2017-07-25,1252.699951,1253.599976,1249.199951,1251.699951,1251.699951,18
2017-07-26,1244.800049,1249,1244.800049,1249,1249,7
2017-07-27,1259.599976,1259.599976,1259.599976,1259.599976,1259.599976,220309
2017-07-28,1258.400024,1270,1256.900024,1268.400024,1268.400024,64180
2017-07-30,null,null,null,null,null,null
2017-07-31,1268.900024,1270.800049,1265.800049,1266.599976,1266.599976,7780
2017-08-01,1268.400024,1273.300049,1262,1272.599976,1272.599976,1061
2017-08-02,1268.5,1272.099976,1262.900024,1271.800049,1271.800049,393
2017-08-03,1265.900024,1269.800049,1256.599976,1267.800049,1267.800049,878
2017-08-04,1269,1269.599976,1253.900024,1258.300049,1258.300049,521
2017-08-06,null,null,null,null,null,null
2017-08-07,1258.699951,1259.099976,1255.300049,1258.199951,1258.199951,260
2017-08-08,1256.900024,1264.099976,1251.400024,1256.400024,1256.400024,555
2017-08-09,1260.199951,1277.800049,1260.199951,1273,1273,574
2017-08-10,1276.599976,1287.400024,1274.900024,1283.699951,1283.699951,608
2017-08-11,1286.300049,1291.099976,1282,1287.699951,1287.699951,139
2017-08-13,null,null,null,null,null,null
2017-08-14,1288.400024,1288.400024,1278.800049,1284.199951,1284.199951,338
2017-08-15,1280.5,1280.5,1267.400024,1273.699951,1273.699951,188
2017-08-16,1271.300049,1282.599976,1269.400024,1276.900024,1276.900024,110
2017-08-17,1283.800049,1288.5,1283.199951,1286.400024,1286.400024,43
2017-08-18,1288.599976,1300.699951,1284.300049,1285.699951,1285.699951,358
2017-08-20,null,null,null,null,null,null
2017-08-21,1285.199951,1290.800049,1284.699951,1290.800049,1290.800049,18
2017-08-22,1287.199951,1288.400024,1283.199951,1285.099976,1285.099976,100
2017-08-23,1289.400024,1289.400024,1286.900024,1288.900024,1288.900024,250
2017-08-24,1288.699951,1288.699951,1284,1286.5,1286.5,550
2017-08-25,1285.400024,1292.699951,1280.300049,1292.5,1292.5,280
2017-08-27,null,null,null,null,null,null
2017-08-28,1293.5,1311.300049,1293.5,1309.699951,1309.699951,145
2017-08-29,1318.800049,1323.800049,1313.099976,1313.099976,1313.099976,1178
2017-08-30,1308.199951,1312.5,1304.900024,1308.099976,1308.099976,1178
2017-08-31,1306.599976,1322.300049,1301.699951,1316.199951,1316.199951,373
2017-09-01,1320.199951,1327.699951,1316.900024,1324.5,1324.5,313
2017-09-03,null,null,null,null,null,null
2017-09-05,1335.199951,1339.199951,1328.599976,1339.199951,1339.199951,39
2017-09-06,1340,1340.300049,1332.599976,1333.900024,1333.900024,20
2017-09-07,1336.400024,1349,1336.400024,1345.099976,1345.099976,26
2017-09-08,1351,1355.800049,1345.599976,1346,1346,37
2017-09-10,null,null,null,null,null,null
2017-09-11,1331,1331,1327.300049,1331,1331,9
2017-09-12,1327,1328,1325.199951,1328,1328,15
2017-09-13,1323.400024,1323.400024,1323.400024,1323.400024,1323.400024,16
2017-09-14,1319.599976,1329.300049,1319.599976,1324.699951,1324.699951,316
2017-09-15,1320.599976,1321.199951,1319.800049,1320.400024,1320.400024,15
2017-09-17,null,null,null,null,null,null
2017-09-18,1309.800049,1310.400024,1306,1306.300049,1306.300049,129
2017-09-19,1307.900024,1310.300049,1305.099976,1306.199951,1306.199951,20
2017-09-20,1312,1312,1298.699951,1312,1312,12
2017-09-21,1299.099976,1304.099976,1290.300049,1290.599976,1290.599976,336
2017-09-22,1295,1295.699951,1293.300049,1293.300049,1293.300049,209
2017-09-24,null,null,null,null,null,null
2017-09-25,1293.099976,1309.199951,1291,1306.800049,1306.800049,51
2017-09-26,1304.5,1305.599976,1297,1297,1297,39
2017-09-27,1283.400024,1283.400024,1283.400024,1283.400024,1283.400024,19488
2017-09-28,1283.099976,1288,1277,1285.5,1285.5,5226
2017-09-29,1284.199951,1289.400024,1281.5,1281.5,1281.5,492
2017-10-01,null,null,null,null,null,null
2017-10-02,1275,1276.099976,1270.400024,1272.699951,1272.699951,136
2017-10-03,1269.699951,1273.300049,1268.599976,1271.5,1271.5,192
2017-10-04,1273.800049,1280.800049,1270,1273.699951,1273.699951,218
2017-10-05,1277.800049,1277.800049,1267.599976,1269.900024,1269.900024,36
2017-10-06,1267.599976,1272,1260.5,1271.599976,1271.599976,46
2017-10-08,null,null,null,null,null,null
2017-10-09,1280.599976,1284,1279,1281.800049,1281.800049,19
2017-10-10,1282.599976,1293,1281.699951,1290.599976,1290.599976,18
2017-10-11,1287.300049,1292,1284.900024,1285.800049,1285.800049,21
2017-10-12,1291.5,1294.5,1289.300049,1293.300049,1293.300049,14
2017-10-13,1293.300049,1301.699951,1291.699951,1301.5,1301.5,74
2017-10-15,null,null,null,null,null,null
2017-10-16,1302,1303.800049,1291.900024,1299.900024,1299.900024,173
2017-10-17,1295.099976,1295.099976,1283,1283,1283,571
2017-10-18,1279.900024,1279.900024,1279.900024,1279.900024,1279.900024,163
2017-10-19,1286.400024,1286.900024,1285.099976,1286.900024,1286.900024,134
2017-10-20,1279.599976,1279.599976,1277.400024,1277.400024,1277.400024,304
2017-10-22,null,null,null,null,null,null
2017-10-23,1274.699951,1280.800049,1271.5,1277.699951,1277.699951,115
2017-10-24,1275.5,1275.5,1273.699951,1275,1275,111
2017-10-25,1269.900024,1275.400024,1269.900024,1275.400024,1275.400024,105
2017-10-26,1273.5,1273.5,1264.699951,1266.300049,1266.300049,39
2017-10-27,1268.400024,1268.5,1267.099976,1268.5,1268.5,567
2017-10-29,null,null,null,null,null,null
2017-10-30,1270,1274.099976,1267.900024,1274.099976,1274.099976,222
2017-10-31,1273.099976,1274.599976,1266.099976,1267,1267,235
2017-11-01,1272.199951,1274.800049,1270.300049,1274.099976,1274.099976,78
2017-11-02,1274.900024,1274.900024,1274.900024,1274.900024,1274.900024,70
2017-11-03,1265.300049,1267.900024,1265.300049,1266.5,1266.5,75
2017-11-05,null,null,null,null,null,null
2017-11-06,1269,1280.5,1269,1279.400024,1279.400024,128
2017-11-07,1276.800049,1276.800049,1270.400024,1273.699951,1273.699951,11
2017-11-08,1275.900024,1284.900024,1274.699951,1281.599976,1281.599976,15
2017-11-09,1279.699951,1286.900024,1279.699951,1285.599976,1285.599976,18
2017-11-10,1283.5,1283.5,1272.400024,1272.400024,1272.400024,10
2017-11-12,null,null,null,null,null,null
2017-11-13,1277.300049,1277.300049,1277,1277.300049,1277.300049,3
2017-11-14,1276.900024,1281.5,1276.900024,1281.5,1281.5,4
2017-11-15,1281.400024,1284.699951,1275.900024,1276.5,1276.5,13
2017-11-16,1277.5,1277.5,1277.400024,1277.400024,1277.400024,43
2017-11-17,1288.300049,1295.800049,1288.300049,1295.800049,1295.800049,1
2017-11-19,null,null,null,null,null,null
2017-11-20,1274.599976,1275.900024,1274.599976,1274.599976,1274.599976,1
2017-11-21,1281.099976,1281.099976,1281.099976,1281.099976,1281.099976,4
2017-11-22,1284.699951,1291.599976,1282.900024,1291.599976,1291.599976,4
2017-11-24,null,null,null,null,null,null
2017-11-26,null,null,null,null,null,null
2017-11-27,1293.800049,1293.800049,1293.800049,1293.800049,1293.800049,1
2017-11-28,1294.699951,1294.699951,1294.699951,1294.699951,1294.699951,275442
2017-11-29,1293.400024,1296.199951,1281.099976,1282.099976,1282.099976,47244
2017-11-30,1283.099976,1284.5,1269.699951,1273.199951,1273.199951,3049
2017-12-01,1274.099976,1288.599976,1271,1278.800049,1278.800049,823
2017-12-03,null,null,null,null,null,null
2017-12-04,1272.5,1276.099976,1270.300049,1274.300049,1274.300049,850
2017-12-05,1275.400024,1275.800049,1260,1261.599976,1261.599976,1499
2017-12-06,1264.900024,1267.800049,1261.599976,1262.800049,1262.800049,373
2017-12-07,1262.300049,1262.400024,1243.900024,1249.800049,1249.800049,358
2017-12-08,1246.300049,1249.300049,1241.5,1245.199951,1245.199951,157
2017-12-10,null,null,null,null,null,null
2017-12-11,1248.400024,1249.199951,1239.900024,1243.699951,1243.699951,146
2017-12-12,1241.300049,1244.400024,1236.5,1238.5,1238.5,692
2017-12-13,1241.900024,1254.5,1239.800049,1245.400024,1245.400024,349
2017-12-14,1252.900024,1257.699951,1250.300049,1253.800049,1253.800049,139
2017-12-15,1253.099976,1260.300049,1253.099976,1254.300049,1254.300049,578
2017-12-17,null,null,null,null,null,null
2017-12-18,1256.199951,1262.400024,1255.699951,1262.199951,1262.199951,45
2017-12-19,1261.099976,1264.300049,1259.5,1260.699951,1260.699951,329
2017-12-20,1261.300049,1266.599976,1261.300049,1266.099976,1266.099976,63
2017-12-21,1266.400024,1267.400024,1264.300049,1267.300049,1267.300049,226
2017-12-22,1266.300049,1276.300049,1266.300049,1275.400024,1275.400024,119
2017-12-24,null,null,null,null,null,null
2017-12-26,1282.400024,1284.099976,1281.800049,1284.099976,1284.099976,84
2017-12-27,1284,1287,1284,1287,1287,456
2017-12-28,1288.199951,1294.099976,1288.199951,1294.099976,1294.099976,245
2017-12-29,1294.199951,1306.300049,1294,1306.300049,1306.300049,65
2017-12-31,null,null,null,null,null,null
2018-01-02,1302.300049,1317.599976,1302.300049,1313.699951,1313.699951,68
2018-01-03,1320,1320.099976,1312.099976,1316.199951,1316.199951,42
2018-01-04,1319.400024,1322,1319.400024,1319.400024,1319.400024,2
2018-01-05,1320.300049,1320.300049,1320.300049,1320.300049,1320.300049,1
2018-01-07,null,null,null,null,null,null
2018-01-08,1319.900024,1319.900024,1314.599976,1318.599976,1318.599976,41
2018-01-09,1309.599976,1311.699951,1309.599976,1311.699951,1311.699951,16
2018-01-10,1320.300049,1320.699951,1315.300049,1317.400024,1317.400024,70
2018-01-11,1317.099976,1320.599976,1316.300049,1320.599976,1320.599976,9
2018-01-12,1327.800049,1338.199951,1327.800049,1333.400024,1333.400024,14
2018-01-14,null,null,null,null,null,null
2018-01-16,1331.099976,1335.400024,1331,1335.400024,1335.400024,13
2018-01-17,1334.400024,1338,1326.800049,1338,1338,27
2018-01-18,1328.900024,1328.900024,1326,1326,1326,211
2018-01-19,1330.099976,1333,1330.099976,1331.900024,1331.900024,50
2018-01-21,null,null,null,null,null,null
2018-01-22,1328.400024,1330.900024,1328.400024,1330.900024,1330.900024,162
2018-01-23,1335.800049,1335.900024,1335.699951,1335.699951,1335.699951,47
2018-01-24,1355.900024,1357.199951,1355.900024,1355.900024,1355.900024,18
2018-01-25,1356.300049,1362.400024,1346.699951,1362.400024,1362.400024,4
2018-01-26,1351.599976,1352,1350.900024,1351.599976,1351.599976,280546
2018-01-28,null,null,null,null,null,null
2018-01-29,null,null,null,null,null,null
2018-01-30,1338.699951,1347.800049,1332.800049,1335.400024,1335.400024,52100
2018-01-31,1337.5,1346.900024,1331.800049,1339,1339,4881
2018-02-01,1343.800049,1350.599976,1336.800049,1344.300049,1344.300049,1680
2018-02-02,1348.5,1352.099976,1327.699951,1333.699951,1333.699951,2841
2018-02-04,null,null,null,null,null,null
2018-02-05,1331.099976,1340.199951,1329,1333,1333,641
2018-02-06,1338.199951,1343.699951,1319.5,1326.099976,1326.099976,529
2018-02-07,1325.400024,1331.099976,1310.5,1311.599976,1311.599976,491
2018-02-08,1317.099976,1321.099976,1307,1316.900024,1316.900024,459
2018-02-09,1320.900024,1322,1311.900024,1313.099976,1313.099976,451
2018-02-11,null,null,null,null,null,null
2018-02-12,1323.800049,1325.5,1318,1324.199951,1324.199951,140
2018-02-13,1324.5,1329.599976,1323.400024,1328.099976,1328.099976,71
2018-02-14,1332.800049,1355.5,1324,1355.5,1355.5,400
2018-02-15,1352,1355.900024,1349.699951,1352.099976,1352.099976,111
2018-02-16,1354,1361.400024,1344.900024,1353.199951,1353.199951,110
2018-02-18,null,null,null,null,null,null
2018-02-20,1348.400024,1350.199951,1328.5,1328.800049,1328.800049,283
2018-02-21,1326.800049,1331.5,1324.400024,1330,1330,119
2018-02-22,1322,1331.400024,1322,1330.599976,1330.599976,70
2018-02-23,1328,1332.099976,1327.699951,1328.199951,1328.199951,427
2018-02-25,null,null,null,null,null,null
2018-02-26,1335,1340.5,1330.699951,1330.699951,1330.699951,652
2018-02-27,1331.699951,1332.599976,1312.699951,1315.5,1315.5,710
2018-02-28,1315.400024,1321,1315.400024,1315.5,1315.5,58
2018-03-01,1310.400024,1318.099976,1301.800049,1302.900024,1302.900024,43
2018-03-02,1314.300049,1323.199951,1314.300049,1321.099976,1321.099976,155
2018-03-04,null,null,null,null,null,null
2018-03-05,1323.5,1325.900024,1318.099976,1318.099976,1318.099976,18
2018-03-06,1321.599976,1333.599976,1321.400024,1333.599976,1333.599976,18
2018-03-07,1338.099976,1338.099976,1326,1326,1326,27
2018-03-08,1324.800049,1326.800049,1319.300049,1319.900024,1319.900024,62
2018-03-09,1316.800049,1322.400024,1313,1322.400024,1322.400024,88
2018-03-11,null,null,null,null,null,null
2018-03-12,1319.400024,1319.400024,1319.400024,1319.400024,1319.400024,0
2018-03-13,1325.900024,1325.900024,1325.300049,1325.900024,1325.900024,13
2018-03-14,1322.199951,1324.400024,1322.199951,1324.400024,1324.400024,19
2018-03-15,1316.800049,1316.800049,1316.800049,1316.800049,1316.800049,0
2018-03-16,1310.099976,1311.300049,1310.099976,1311.300049,1311.300049,34
2018-03-18,null,null,null,null,null,null
2018-03-19,1309.400024,1316.900024,1307.300049,1316.800049,1316.800049,6
2018-03-20,1311.099976,1311.099976,1311.099976,1311.099976,1311.099976,4
2018-03-21,1312.400024,1328.800049,1312.400024,1320.699951,1320.699951,34
2018-03-22,1326.599976,1326.599976,1326.599976,1326.599976,1326.599976,0
2018-03-23,1343.199951,1349.300049,1343.199951,1349.300049,1349.300049,8
2018-03-25,null,null,null,null,null,null
2018-03-26,1348.5,1354.400024,1345.099976,1354.400024,1354.400024,10
2018-03-27,1341,1341.300049,1341,1341.300049,1341.300049,290889
2018-03-28,1345,1346.400024,1322.400024,1324.199951,1324.199951,59284
2018-03-29,1324,1327.099976,1321.699951,1322.800049,1322.800049,5585
2018-04-01,null,null,null,null,null,null
2018-04-02,1327,1344.199951,1324.699951,1342.099976,1342.099976,649
2018-04-03,1340.400024,1341.5,1328.5,1332.800049,1332.800049,702
2018-04-04,1331.800049,1347.300049,1331.599976,1335.800049,1335.800049,718
2018-04-05,1333.5,1333.699951,1322.599976,1324.300049,1324.300049,258
2018-04-06,1326.5,1333,1319,1331.900024,1331.900024,348
2018-04-08,null,null,null,null,null,null
2018-04-09,1333,1337.5,1327,1336.300049,1336.300049,290
2018-04-10,1335.199951,1342,1333,1342,1342,105
2018-04-11,1340.099976,1365.400024,1340.099976,1356.5,1356.5,118
2018-04-12,1351.199951,1351.5,1334.599976,1338.400024,1338.400024,34
2018-04-13,1335.900024,1346,1335.900024,1344.800049,1344.800049,67
2018-04-15,null,null,null,null,null,null
2018-04-16,1341,1348.800049,1341,1347.5,1347.5,60
2018-04-17,1348,1348.099976,1339,1347.199951,1347.199951,409
2018-04-18,1343.5,1354.199951,1343.5,1351.199951,1351.199951,45
2018-04-19,1348.599976,1355.199951,1341.599976,1346.800049,1346.800049,387
2018-04-20,1342.5,1343.400024,1335.300049,1336.699951,1336.699951,310
2018-04-22,null,null,null,null,null,null
2018-04-23,1334,1334.400024,1322.5,1322.5,1322.5,68
2018-04-24,1326.400024,1331.699951,1326.199951,1331.400024,1331.400024,28
2018-04-25,1324,1325,1320,1321.199951,1321.199951,278
2018-04-26,1315.699951,1316.300049,1315.699951,1316.300049,1316.300049,569
2018-04-27,1315.300049,1321.699951,1312.800049,1320.300049,1320.300049,622
2018-04-29,null,null,null,null,null,null
2018-04-30,1309.599976,1316.199951,1309.599976,1316.199951,1316.199951,49
2018-05-01,1313.199951,1313.800049,1303.400024,1303.800049,1303.800049,28
2018-05-02,1309,1309.300049,1302.599976,1302.599976,1302.599976,23
2018-05-03,1310.699951,1310.699951,1310.699951,1310.699951,1310.699951,4
2018-05-04,1312.699951,1312.699951,1312.699951,1312.699951,1312.699951,0
2018-05-06,null,null,null,null,null,null
2018-05-07,1310.599976,1312.5,1310.199951,1312.199951,1312.199951,4
2018-05-08,1310.099976,1312,1308.5,1312,1312,337
2018-05-09,1311.300049,1311.300049,1311.300049,1311.300049,1311.300049,70
2018-05-10,1312.199951,1320.800049,1312.199951,1320.800049,1320.800049,8
2018-05-11,1319,1319,1319,1319,1319,3
2018-05-13,null,null,null,null,null,null
2018-05-14,1319.900024,1319.900024,1316.5,1316.5,1316.5,4
2018-05-15,1304.599976,1304.699951,1288.900024,1288.900024,1288.900024,8
2018-05-16,1290.900024,1294,1285.400024,1290.199951,1290.199951,26
2018-05-17,1291.300049,1291.300049,1288.199951,1288.199951,1288.199951,2
2018-05-18,1285.199951,1290.199951,1285.199951,1290.199951,1290.199951,2
2018-05-20,null,null,null,null,null,null
2018-05-21,1287.400024,1292.099976,1287.400024,1290.199951,1290.199951,52
2018-05-22,1291.699951,1291.699951,1291.699951,1291.699951,1291.699951,50
2018-05-23,1289.300049,1289.300049,1289.300049,1289.300049,1289.300049,10
2018-05-24,1303.699951,1303.699951,1303.699951,1303.699951,1303.699951,0
2018-05-25,1303.300049,1303.300049,1303.300049,1303.300049,1303.300049,1
2018-05-27,null,null,null,null,null,null
2018-05-29,1298.699951,1298.699951,1298.699951,1298.699951,1298.699951,386334
2018-05-30,1298,1303.699951,1295.199951,1301.5,1301.5,50845
2018-05-31,1301,1306.800049,1296.599976,1300.099976,1300.099976,4082
2018-06-01,1298.599976,1299.5,1288.900024,1294.800049,1294.800049,663
2018-06-03,null,null,null,null,null,null
2018-06-04,1293.900024,1297.099976,1290,1293.099976,1293.099976,144
2018-06-05,1292.099976,1299.800049,1289.900024,1297.5,1297.5,357
2018-06-06,1296.099976,1300.400024,1294.099976,1297.099976,1297.099976,373
2018-06-07,1298.400024,1302.800049,1296.199951,1298.699951,1298.699951,79
2018-06-08,1295.300049,1299.400024,1294.800049,1298.099976,1298.099976,650
2018-06-10,null,null,null,null,null,null
2018-06-11,1299.300049,1302,1295.199951,1298.900024,1298.900024,71
2018-06-12,1297.800049,1298.099976,1292.699951,1295.099976,1295.099976,153
2018-06-13,1294,1299.400024,1290.900024,1296.900024,1296.900024,135
2018-06-14,1297.199951,1307.699951,1297.199951,1304,1304,42
2018-06-15,1297.199951,1307.699951,1274,1274.599976,1274.599976,589
2018-06-17,null,null,null,null,null,null
2018-06-18,1280.699951,1280.699951,1276.199951,1276.199951,1276.199951,35
2018-06-19,1278.699951,1281.800049,1269.900024,1275.599976,1275.599976,34
2018-06-20,1274.400024,1274.400024,1271.199951,1271.199951,1271.199951,7
2018-06-21,1262.699951,1268.900024,1260,1267.199951,1267.199951,46
2018-06-22,1268.099976,1270.199951,1267,1267.400024,1267.400024,74
2018-06-24,null,null,null,null,null,null
2018-06-25,1270.599976,1271.199951,1265.599976,1265.599976,1265.599976,37
2018-06-26,1267.199951,1267.199951,1256.599976,1256.599976,1256.599976,89
2018-06-27,1255.5,1255.5,1252.300049,1252.800049,1252.800049,1162
2018-06-28,1251.699951,1251.699951,1244.800049,1247.800049,1247.800049,378
2018-06-29,1250.300049,1253.300049,1249.099976,1251.300049,1251.300049,48
2018-07-01,null,null,null,null,null,null
2018-07-02,1249.900024,1249.900024,1239.800049,1239.800049,1239.800049,29
2018-07-03,null,null,null,null,null,null
2018-07-05,1255.5,1257.300049,1253.599976,1257.300049,1257.300049,9
2018-07-06,1255.5,1255.5,1254.300049,1254.300049,1254.300049,7
2018-07-08,null,null,null,null,null,null
2018-07-09,1258.199951,1262.300049,1257.699951,1258.099976,1258.099976,37
2018-07-10,1256.199951,1256.900024,1249.300049,1253.800049,1253.800049,65
2018-07-11,1253.199951,1253.199951,1242.800049,1242.800049,1242.800049,30
2018-07-12,1240.900024,1246.699951,1240.900024,1245,1245,7
2018-07-13,1244.699951,1247,1239.599976,1239.599976,1239.599976,2
2018-07-15,null,null,null,null,null,null
2018-07-16,1242.699951,1243.800049,1238.099976,1238.099976,1238.099976,2
2018-07-17,1225.699951,1225.699951,1225.699951,1225.699951,1225.699951,0
2018-07-18,1226.699951,1226.699951,1222.199951,1226.300049,1226.300049,67
2018-07-19,1227.199951,1228,1211.699951,1222.400024,1222.400024,33
2018-07-20,1229.5,1229.5,1229.5,1229.5,1229.5,0
2018-07-22,null,null,null,null,null,null
2018-07-23,1222,1224,1222,1224,1224,1
2018-07-24,1223.900024,1223.900024,1223.900024,1223.900024,1223.900024,0
2018-07-25,1231.400024,1231.400024,1231.400024,1231.400024,1231.400024,0
2018-07-26,1227.800049,1227.800049,1225.300049,1225.300049,1225.300049,1
2018-07-27,1222.599976,1222.599976,1222.599976,1222.599976,1222.599976,254428
2018-07-29,null,null,null,null,null,null
2018-07-30,1222.5,1223.900024,1218.099976,1221.300049,1221.300049,62239
2018-07-31,1220.400024,1228.099976,1213,1223.699951,1223.699951,2722
2018-08-01,1222.900024,1223.699951,1214.400024,1217.900024,1217.900024,1026
2018-08-02,1214.699951,1219.300049,1205.800049,1210.599976,1210.599976,411
2018-08-03,1206.5,1218.599976,1205.099976,1214.199951,1214.199951,784
2018-08-05,null,null,null,null,null,null
2018-08-06,1214.400024,1214.400024,1206.599976,1208.599976,1208.599976,297
2018-08-07,1207.800049,1214.800049,1207.800049,1209.599976,1209.599976,715
2018-08-08,1212,1215.199951,1205.900024,1212.599976,1212.599976,209
2018-08-09,1214.5,1215.300049,1211.599976,1211.900024,1211.900024,44
2018-08-10,1212.5,1216.400024,1205.599976,1211.099976,1211.099976,75
2018-08-12,null,null,null,null,null,null
2018-08-13,1207,1207.400024,1191.300049,1191.300049,1191.300049,78
2018-08-14,1193.099976,1197.5,1192.800049,1193,1193,92
2018-08-15,1187.800049,1188.099976,1174.599976,1177.5,1177.5,71
2018-08-16,1173.199951,1180.199951,1161.400024,1176.199951,1176.199951,123
2018-08-17,1174.699951,1181.199951,1174.699951,1176.5,1176.5,66
2018-08-19,null,null,null,null,null,null
2018-08-20,1184.800049,1190,1184.400024,1186.800049,1186.800049,68
2018-08-21,1189.800049,1192.599976,1189.800049,1192.599976,1192.599976,22
2018-08-22,1194.699951,1196.300049,1194.699951,1196.300049,1196.300049,17
2018-08-23,1189.300049,1190.300049,1184.900024,1187,1187,95
2018-08-24,1185.300049,1208,1185.300049,1206.300049,1206.300049,12
2018-08-26,null,null,null,null,null,null
2018-08-27,1210.300049,1211.400024,1205.199951,1209,1209,154
2018-08-28,1209.699951,1217,1202.300049,1207.400024,1207.400024,136
2018-08-29,1205.199951,1205.199951,1202.400024,1204.5,1204.5,817
2018-08-30,1205.400024,1205.599976,1196,1197.699951,1197.699951,493
2018-08-31,1207.099976,1208.199951,1199.099976,1200.300049,1200.300049,191
2018-09-02,null,null,null,null,null,null
2018-09-04,1193.800049,1193.800049,1189.900024,1192.699951,1192.699951,26
2018-09-05,1192.5,1196,1192.5,1194.900024,1194.900024,21
2018-09-06,1202,1202,1197.900024,1197.900024,1197.900024,7
2018-09-07,1198.300049,1198.300049,1193.099976,1193.599976,1193.599976,29
2018-09-09,null,null,null,null,null,null
2018-09-10,1193,1193,1193,1193,1193,11
2018-09-11,1190.400024,1196.300049,1190.400024,1195.400024,1195.400024,21
2018-09-12,1205,1205,1204.699951,1204.699951,1204.699951,37
2018-09-13,1203.400024,1203.400024,1200,1202,1202,22
2018-09-14,1195,1195,1195,1195,1195,1
2018-09-16,null,null,null,null,null,null
2018-09-17,1199.699951,1199.699951,1199.699951,1199.699951,1199.699951,0
2018-09-18,1198.699951,1198.699951,1196.800049,1196.800049,1196.800049,2
2018-09-19,1202.199951,1202.199951,1202.199951,1202.199951,1202.199951,0
2018-09-20,1206.199951,1206.199951,1206.199951,1206.199951,1206.199951,0
2018-09-21,1196.199951,1196.199951,1196.199951,1196.199951,1196.199951,0
2018-09-23,null,null,null,null,null,null
2018-09-24,1199.300049,1199.300049,1199.300049,1199.300049,1199.300049,0
2018-09-25,1202.099976,1202.800049,1200,1200,1200,21
2018-09-26,1194,1194,1194,1194,1194,17857
2018-09-27,1194.599976,1197.300049,1180.5,1182.300049,1182.300049,4947
2018-09-28,1181.699951,1191.900024,1180,1191.5,1191.5,404
2018-09-30,null,null,null,null,null,null
2018-10-01,1191.599976,1191.599976,1185.800049,1187.099976,1187.099976,180
2018-10-02,1193,1206,1190.300049,1202.400024,1202.400024,451
2018-10-03,1202.599976,1202.599976,1196.599976,1198.300049,1198.300049,76
2018-10-04,1199.300049,1204.599976,1197.199951,1197.199951,1197.199951,496
2018-10-05,1197.099976,1205.300049,1196.900024,1201.199951,1201.199951,34
2018-10-07,null,null,null,null,null,null
2018-10-08,1201,1201,1183.699951,1184.400024,1184.400024,250
2018-10-09,1185.599976,1189.099976,1185.599976,1187.199951,1187.199951,9
2018-10-10,1189.300049,1192,1189.300049,1189.300049,1189.300049,1078
2018-10-11,1198.099976,1224.599976,1196.300049,1223.5,1223.5,126
2018-10-12,1221.599976,1221.599976,1216,1218.099976,1218.099976,122
2018-10-14,null,null,null,null,null,null
2018-10-15,1222.400024,1232.300049,1222.400024,1226.400024,1226.400024,136
2018-10-16,1227.099976,1230.5,1227.099976,1227.300049,1227.300049,426
2018-10-17,1225.900024,1225.900024,1223.699951,1223.699951,1223.699951,1
2018-10-18,1226.5,1226.5,1226.5,1226.5,1226.5,165
2018-10-19,1225.300049,1225.300049,1225.300049,1225.300049,1225.300049,55
2018-10-21,null,null,null,null,null,null
2018-10-22,1224.5,1224.5,1219.599976,1221.199951,1221.199951,18
2018-10-23,1224.800049,1237.800049,1224.800049,1233.400024,1233.400024,33
2018-10-24,1231.599976,1231.599976,1227.800049,1227.800049,1227.800049,36
2018-10-25,1238.599976,1238.599976,1229.099976,1229.099976,1229.099976,7
2018-10-26,1234.300049,1234.800049,1232.5,1232.5,1232.5,20
2018-10-28,null,null,null,null,null,null
2018-10-29,1224.5,1224.5,1224.5,1224.5,1224.5,214
2018-10-30,1227.699951,1227.699951,1219.800049,1222.599976,1222.599976,72
2018-10-31,1216,1216.599976,1212,1212.300049,1212.300049,121
2018-11-01,1215.400024,1236,1215.400024,1236,1236,14
2018-11-02,1233.300049,1233.300049,1230.900024,1230.900024,1230.900024,18
2018-11-04,null,null,null,null,null,null
2018-11-05,1230.599976,1231.5,1226.699951,1229.800049,1229.800049,15
2018-11-06,1230.699951,1233.800049,1223.800049,1223.800049,1223.800049,4
2018-11-07,1228.599976,1228.599976,1226.199951,1226.199951,1226.199951,1
2018-11-08,1222.900024,1222.900024,1222.900024,1222.900024,1222.900024,2
2018-11-09,1207.900024,1207.900024,1206.400024,1206.400024,1206.400024,14
2018-11-11,null,null,null,null,null,null
2018-11-12,1201.599976,1201.599976,1201.300049,1201.300049,1201.300049,1
2018-11-13,1196.300049,1201.300049,1196.300049,1199.199951,1199.199951,5
2018-11-14,1207.900024,1207.900024,1207.900024,1207.900024,1207.900024,0
2018-11-15,1212.800049,1212.800049,1212.800049,1212.800049,1212.800049,0
2018-11-16,1216.699951,1223.800049,1216.699951,1220.800049,1220.800049,5
2018-11-18,null,null,null,null,null,null
2018-11-19,1223.099976,1223.099976,1223.099976,1223.099976,1223.099976,0
2018-11-20,1225.300049,1228.800049,1219,1219,1219,12
2018-11-21,1225.800049,1225.800049,1225.800049,1225.800049,1225.800049,0
2018-11-23,null,null,null,null,null,null
2018-11-25,null,null,null,null,null,null
2018-11-26,1220.199951,1222,1220.199951,1220.199951,1220.199951,2
2018-11-27,1221.900024,1222,1211.199951,1211.199951,1211.199951,5
2018-11-28,1211.5,1221.400024,1211.5,1221.400024,1221.400024,247168
2018-11-29,1221,1228.699951,1220.5,1224.099976,1224.099976,55478
2018-11-30,1224.099976,1225,1216.099976,1220.199951,1220.199951,2060
2018-12-02,null,null,null,null,null,null
2018-12-03,1222.5,1234.099976,1221.300049,1233.900024,1233.900024,751
2018-12-04,1231,1241.400024,1230.400024,1241.099976,1241.099976,474
2018-12-06,1237.5,1244.400024,1234.800049,1238.099976,1238.099976,434
2018-12-07,1238.300049,1249.800049,1237.599976,1246.800049,1246.800049,211
2018-12-09,null,null,null,null,null,null
2018-12-10,1249.599976,1249.599976,1241.699951,1243.699951,1243.699951,131
2018-12-11,1245.800049,1248.699951,1241.5,1241.900024,1241.900024,117
2018-12-12,1245.300049,1245.599976,1244.099976,1244.400024,1244.400024,84
2018-12-13,1243.5,1243.5,1241,1242.699951,1242.699951,194
2018-12-14,1241.699951,1241.699951,1234.099976,1237,1237,33
2018-12-16,null,null,null,null,null,null
2018-12-17,1239.300049,1247.400024,1239.300049,1247.400024,1247.400024,10
2018-12-18,1248.199951,1249.199951,1245.599976,1249.199951,1249.199951,31
2018-12-19,1255.800049,1255.800049,1252.099976,1252.099976,1252.099976,268
2018-12-20,1243.199951,1263.599976,1243.199951,1263.599976,1263.599976,49
2018-12-21,1260.300049,1261.300049,1253.800049,1253.800049,1253.800049,96
2018-12-23,null,null,null,null,null,null
2018-12-24,null,null,null,null,null,null
2018-12-26,1269.300049,1277.400024,1269.199951,1269.199951,1269.199951,63
2018-12-27,1276.699951,1277.300049,1276.699951,1277.300049,1277.300049,480
2018-12-28,1273.5,1280.099976,1273.5,1279.900024,1279.900024,805
2018-12-30,1283,1283.5,1281.199951,1281.900024,1281.900024,60893
2018-12-31,1278,1281.300049,1277.599976,1278.300049,1278.300049,19
2019-01-02,1286,1286,1277.599976,1281,1281,149
2019-01-03,1286.800049,1292,1286.699951,1291.800049,1291.800049,10
2019-01-04,1294.199951,1294.199951,1275.300049,1282.699951,1282.699951,34
2019-01-06,1287,1288.300049,1285.599976,1285.699951,1285.699951,82778
2019-01-07,1286.800049,1286.800049,1286.599976,1286.800049,1286.800049,2
2019-01-08,1280.5,1283.199951,1278.199951,1283.199951,1283.199951,54
2019-01-09,1279.400024,1289.300049,1279.199951,1289.300049,1289.300049,102
2019-01-10,1284.699951,1284.699951,1284.699951,1284.699951,1284.699951,0
2019-01-11,1291.199951,1291.199951,1286.300049,1287.099976,1287.099976,11
2019-01-13,1288,1289,1287.699951,1288.300049,1288.300049,71115
2019-01-14,1292.400024,1293.900024,1289.099976,1289.099976,1289.099976,7
2019-01-15,1290.099976,1292.699951,1286.199951,1286.199951,1286.199951,3
2019-01-16,1291.599976,1291.599976,1291.599976,1291.599976,1291.599976,2
2019-01-17,1291.599976,1292.699951,1288.5,1291,1291,10
2019-01-18,1281.300049,1281.300049,1281.300049,1281.300049,1281.300049,3
2019-01-20,1280.699951,1282.900024,1280.599976,1282.099976,1282.099976,103420
2019-01-22,1282.5,1283.300049,1282.5,1282.5,1282.5,7
2019-01-23,1281.699951,1283.900024,1278.699951,1283.099976,1283.099976,14
2019-01-24,1279.099976,1279.099976,1278.5,1279.099976,1279.099976,1
2019-01-25,1297.400024,1297.400024,1297.400024,1297.400024,1297.400024,0
2019-01-27,1302.300049,1302.5,1299.199951,1299.599976,1299.599976,238256
2019-01-28,1300.800049,1307.099976,1298.400024,1302.400024,1302.400024,54
2019-01-29,1308.199951,1308.199951,1308.199951,1308.199951,1308.199951,213607
2019-01-30,1310.400024,1323.400024,1308.099976,1309.900024,1309.900024,54958
2019-01-31,1320,1325.400024,1316.699951,1319.699951,1319.699951,1970
2019-02-01,1320.300049,1320.699951,1315.400024,1316.900024,1316.900024,878
2019-02-03,1322.599976,1323.599976,1321.099976,1322,1322,50241
2019-02-04,1318.099976,1318.099976,1308.300049,1314.300049,1314.300049,675
2019-02-05,1311.099976,1315.099976,1311,1314.199951,1314.199951,362
2019-02-06,1312.5,1313.5,1305,1309.5,1309.5,358
2019-02-07,1302.900024,1310.400024,1302.199951,1309.400024,1309.400024,203
2019-02-08,1309.5,1314,1307.800049,1313.699951,1313.699951,122
2019-02-10,1318.099976,1318.300049,1317.199951,1317.599976,1317.599976,35719
2019-02-11,1313.400024,1313.400024,1304.699951,1307,1307,119
2019-02-12,1310,1312,1307.599976,1309.199951,1309.199951,109
2019-02-13,1311.599976,1316,1308.099976,1310.800049,1310.800049,143
2019-02-14,1305,1311.800049,1301.599976,1309.800049,1309.800049,858
2019-02-15,1313.599976,1318.800049,1313.599976,1318.099976,1318.099976,190
2019-02-17,1325,1325,1323.800049,1324.199951,1324.199951,68931
2019-02-19,1320.900024,1340.099976,1320.5,1340.099976,1340.099976,390
2019-02-20,1342.199951,1344,1338,1343.300049,1343.300049,581
2019-02-21,1331.300049,1334.900024,1320.900024,1323.5,1323.5,414
2019-02-22,1324.199951,1331.300049,1321,1329.199951,1329.199951,718
2019-02-24,1331.900024,1332,1329.300049,1330.199951,1330.199951,88221
2019-02-25,1329.199951,1331.599976,1325.599976,1325.900024,1325.900024,185
2019-02-26,1323.300049,1325.5,1323.300049,1325.099976,1325.099976,939
2019-02-27,1327.699951,1327.900024,1316.5,1317.699951,1317.699951,604
2019-02-28,1321.099976,1323.699951,1311.5,1312.800049,1312.800049,141
2019-03-01,1312.199951,1312.199951,1288.900024,1296.400024,1296.400024,110
2019-03-03,1294.400024,1297.400024,1294.400024,1296.300049,1296.300049,126415
2019-03-04,1285.5,1287,1281.900024,1284.800049,1284.800049,28
2019-03-05,1287,1287,1282,1282,1282,114
2019-03-06,1287.099976,1287.099976,1282.599976,1284.900024,1284.900024,14
2019-03-07,1281,1284.599976,1281,1283.800049,1283.800049,11
2019-03-08,1292.099976,1297.400024,1291.599976,1297,1297,10
2019-03-10,1298.199951,1298.5,1296.5,1297.599976,1297.599976,263139
2019-03-11,1291,1291,1288.800049,1288.800049,1288.800049,9
2019-03-12,1294.699951,1296.300049,1294.699951,1296.300049,1296.300049,1
2019-03-13,1307.5,1307.5,1307.5,1307.5,1307.5,0
2019-03-14,1293.400024,1293.400024,1293.400024,1293.400024,1293.400024,1
2019-03-15,1300.900024,1304.699951,1300.5,1301.800049,1301.800049,26
2019-03-17,1302,1302.5,1300.699951,1300.800049,1300.800049,160003
2019-03-18,1297.300049,1302.199951,1297.300049,1300.300049,1300.300049,8
2019-03-19,1306.900024,1306.900024,1304.800049,1305,1305,20
2019-03-20,1300.699951,1300.699951,1300.5,1300.5,1300.5,2
2019-03-21,1306.099976,1306.099976,1306.099976,1306.099976,1306.099976,0
2019-03-22,1311.599976,1311.599976,1311.599976,1311.599976,1311.599976,0
2019-03-24,1313.300049,1313.900024,1311.300049,1311.900024,1311.900024,340770
2019-03-25,1320.699951,1322.900024,1320.699951,1321.900024,1321.900024,19
2019-03-26,1315.599976,1315.599976,1314.300049,1314.300049,1314.300049,1
2019-03-27,1309.900024,1309.900024,1309.900024,1309.900024,1309.900024,206263
2019-03-28,1308.400024,1311.099976,1287.699951,1289.800049,1289.800049,87798
2019-03-29,1289.599976,1298.5,1286.099976,1293,1293,1265
2019-03-31,1297.199951,1297.900024,1290.400024,1296.699951,1296.699951,285651
2019-04-01,1291.800049,1295.900024,1285.699951,1288.400024,1288.400024,675
2019-04-02,1286.300049,1290.900024,1284.5,1290,1290,525
2019-04-03,1291.400024,1293.099976,1287.5,1289.900024,1289.900024,172
2019-04-04,1290.599976,1292.599976,1279.5,1289,1289,269
2019-04-05,1292,1292,1283.599976,1290.400024,1290.400024,181
2019-04-07,1295.800049,1298.400024,1295.5,1295.599976,1295.599976,361298
2019-04-08,1292.199951,1302.099976,1291.800049,1297.099976,1297.099976,63
2019-04-09,1298.5,1304.900024,1298.5,1303.5,1303.5,30
2019-04-10,1304,1309.099976,1301.5,1309.099976,1309.099976,66
2019-04-11,1307,1307.099976,1288.599976,1288.599976,1288.599976,420
2019-04-12,1293.400024,1293.400024,1289.199951,1290.599976,1290.599976,607
2019-04-14,1294,1295.199951,1292.300049,1292.599976,1292.599976,213728
2019-04-15,1284.800049,1287.300049,1282.300049,1286.800049,1286.800049,523
2019-04-16,1285.199951,1285.199951,1272.199951,1272.599976,1272.599976,643
2019-04-17,1273.5,1273.5,1271.599976,1272.199951,1272.199951,308
2019-04-18,1270.800049,1273.599976,1270.099976,1271.900024,1271.900024,27
2019-04-21,1278,1279,1277.5,1279,1279,189509
2019-04-22,1273.5,1273.5,1273.5,1273.5,1273.5,147
2019-04-23,1266.400024,1269.800049,1266,1269.300049,1269.300049,206
2019-04-24,1268.400024,1275.5,1267.800049,1275.5,1275.5,518
2019-04-25,1280.599976,1280.800049,1275.800049,1275.800049,1275.800049,95
2019-04-26,1284.900024,1284.900024,1284.900024,1284.900024,1284.900024,804
2019-04-28,1289,1289.099976,1287.900024,1288.199951,1288.199951,180542
2019-04-29,1284.800049,1284.900024,1277.099976,1278.599976,1278.599976,568
2019-04-30,1281.699951,1283.300049,1280.800049,1282.800049,1282.800049,114
2019-05-01,1278.699951,1283.300049,1278.699951,1281.400024,1281.400024,70
2019-05-02,1269.199951,1270.800049,1266.599976,1269.699951,1269.699951,63
2019-05-03,1270.099976,1279.199951,1270.099976,1279.199951,1279.199951,15
2019-05-05,1281.800049,1287.400024,1281.800049,1285,1285,1093051
2019-05-06,1282.199951,1282.199951,1280.300049,1281.699951,1281.699951,12
2019-05-07,1280.5,1283.5,1280.5,1283.5,1283.5,8
2019-05-08,1279.400024,1279.400024,1279.400024,1279.400024,1279.400024,5
2019-05-09,1278.900024,1285,1278.800049,1283.5,1283.5,38
2019-05-10,1285.400024,1286.5,1283.300049,1285.699951,1285.699951,6
2019-05-12,1288.300049,1288.900024,1287.300049,1288.300049,1288.300049,283662
2019-05-13,1286.699951,1300.099976,1281.800049,1300.099976,1300.099976,56
2019-05-14,1297.800049,1297.800049,1294.699951,1294.699951,1294.699951,6
2019-05-15,1296.900024,1296.900024,1296,1296.300049,1296.300049,55
2019-05-16,1285.199951,1285.400024,1285,1285,1285,3
2019-05-17,1280,1280,1274.5,1274.5,1274.5,1
2019-05-19,1277.599976,1278.699951,1276.900024,1277.099976,1277.099976,233795
2019-05-20,1276.099976,1276.099976,1276.099976,1276.099976,1276.099976,20
2019-05-21,1272,1272,1272,1272,1272,0
2019-05-22,1273.599976,1273.599976,1273.599976,1273.599976,1273.599976,0
2019-05-23,1284.800049,1284.800049,1284.800049,1284.800049,1284.800049,0
2019-05-24,1283,1283,1283,1283,1283,9
2019-05-26,1283.5,1286,1283.5,1284.099976,1284.099976,145935
2019-05-28,1276.5,1276.5,1276.5,1276.5,1276.5,0
2019-05-29,1280.599976,1280.599976,1280.599976,1280.599976,1280.599976,189694
2019-05-30,1279.400024,1288.300049,1273.900024,1287.099976,1287.099976,55573
2019-05-31,1287.699951,1306.400024,1287.5,1305.800049,1305.800049,2814
2019-06-02,1312.5,1313.800049,1307,1313.699951,1313.699951,537739
2019-06-03,1307,1327.800049,1307,1322.699951,1322.699951,812
2019-06-04,1324.300049,1328.599976,1320.800049,1323.400024,1323.400024,302
2019-06-05,1328.900024,1343.300049,1326.300049,1328.300049,1328.300049,622
2019-06-06,1330.800049,1338.699951,1326.199951,1337.599976,1337.599976,161
2019-06-07,1333.099976,1347.699951,1329.800049,1341.199951,1341.199951,240
2019-06-09,1341.199951,1341.199951,1337.400024,1339.5,1339.5,824646
2019-06-10,1335.800049,1336.5,1324.099976,1324.699951,1324.699951,268
2019-06-11,1328.400024,1328.400024,1319.099976,1326.400024,1326.400024,201
2019-06-12,1326.900024,1334.5,1326.900024,1331.900024,1331.900024,139
2019-06-13,1331.599976,1341.099976,1331.599976,1339.199951,1339.199951,157
2019-06-14,1345.400024,1355.400024,1339.300049,1340.099976,1340.099976,914
2019-06-16,1345.5,1346.199951,1342.400024,1342.5,1342.5,258988
2019-06-17,1339,1340.300049,1335,1338.699951,1338.699951,76
2019-06-18,1349.300049,1349.300049,1341.599976,1346.599976,1346.599976,29
2019-06-19,1344,1344.599976,1344,1344.599976,1344.599976,129
2019-06-20,1381.5,1392.900024,1379.5,1392.900024,1392.900024,76
2019-06-21,1406,1406,1390.300049,1396.199951,1396.199951,35
2019-06-23,1409.900024,1410.400024,1405.199951,1409.5,1409.5,1241950
2019-06-24,1406,1420.599976,1402.099976,1414.300049,1414.300049,125
2019-06-25,1418.099976,1433.300049,1414.900024,1414.900024,1414.900024,105
2019-06-26,1407.199951,1413.300049,1405.800049,1411.599976,1411.599976,1333
2019-06-27,1407,1410.800049,1399.800049,1408.400024,1408.400024,437
2019-06-28,1408.300049,1422,1408.300049,1409.699951,1409.699951,356
2019-06-30,1401.800049,1401.900024,1387,1395.5,1395.5,2270055
2019-07-01,1386.599976,1395.800049,1382.800049,1385.599976,1385.599976,214
2019-07-02,1391.099976,1418.400024,1390.800049,1404.599976,1404.599976,38
2019-07-03,null,null,null,null,null,null
2019-07-05,1418.300049,1418.300049,1390.199951,1396.699951,1396.699951,20
2019-07-07,1401,1404,1395,1398.900024,1398.900024,760703
2019-07-08,1395.900024,1397,1393.599976,1397,1397,14
2019-07-09,1394.5,1397.5,1386.199951,1397.5,1397.5,53
2019-07-10,1409.900024,1410.099976,1409.900024,1410.099976,1410.099976,50
2019-07-11,1424,1424,1404.300049,1404.300049,1404.300049,6
2019-07-12,1405.599976,1410.099976,1405.599976,1409.900024,1409.900024,8
2019-07-14,1417.699951,1421.599976,1414.599976,1418.099976,1418.099976,726463
2019-07-15,1414.400024,1415,1411.400024,1411.400024,1411.400024,25
2019-07-16,1413.599976,1413.699951,1405,1409.199951,1409.199951,13
2019-07-17,1404.599976,1421.300049,1404.599976,1421.300049,1421.300049,6
2019-07-18,1422.300049,1444.199951,1419.5,1426.099976,1426.099976,66
2019-07-19,1440.5,1442,1425.099976,1425.099976,1425.099976,22
2019-07-21,1428.5,1429.400024,1424.400024,1426.5,1426.5,463885
2019-07-22,1425.300049,1425.300049,1424,1425.300049,1425.300049,1
2019-07-23,1418.599976,1421.300049,1416.300049,1420.099976,1420.099976,5
2019-07-24,1422.800049,1422.800049,1422.800049,1422.800049,1422.800049,20
2019-07-25,1413.900024,1413.900024,1413.900024,1413.900024,1413.900024,4
2019-07-26,1422.800049,1423,1418.5,1418.5,1418.5,5
2019-07-28,1419,1420.699951,1418.099976,1420.300049,1420.300049,205671
2019-07-29,1419.599976,1419.599976,1419.599976,1419.599976,1419.599976,224267
2019-07-30,1426.300049,1433.900024,1422.099976,1429.699951,1429.699951,73874
2019-07-31,1431.300049,1435.800049,1411.199951,1426.099976,1426.099976,3294
2019-08-01,1411.300049,1445.199951,1400.900024,1420.900024,1420.900024,2431
2019-08-02,1448,1448,1432.300049,1445.599976,1445.599976,1873
2019-08-04,1451.199951,1454.599976,1440.400024,1452.199951,1452.199951,496330
2019-08-05,1440.400024,1469.699951,1440.400024,1464.599976,1464.599976,1008
2019-08-06,1469.699951,1475,1457.699951,1472.400024,1472.400024,460
2019-08-07,1473.5,1509.900024,1473.199951,1507.300049,1507.300049,824
2019-08-08,1498.400024,1508.5,1492,1497.699951,1497.699951,367
2019-08-09,1506.199951,1507.5,1495.599976,1496.599976,1496.599976,74
2019-08-11,1509.199951,1512.900024,1505.199951,1512.400024,1512.400024,388952
2019-08-12,1496,1514.900024,1488.099976,1505.300049,1505.300049,257
2019-08-13,1510.400024,1531.400024,1483.699951,1502.199951,1502.199951,672
2019-08-14,1500,1520.5,1497,1515.900024,1515.900024,328
2019-08-15,1519.800049,1522.699951,1510.599976,1519.599976,1519.599976,87
2019-08-16,1524.599976,1524.599976,1504.699951,1512.5,1512.5,1815
2019-08-18,1523,1523.599976,1518.300049,1519.599976,1519.599976,690836
2019-08-19,1507.199951,1507.599976,1492.900024,1500.400024,1500.400024,205
2019-08-20,1497.5,1506.099976,1497.5,1504.599976,1504.599976,486
2019-08-21,1504.900024,1505,1498.800049,1504.599976,1504.599976,350
2019-08-22,1495.099976,1497.300049,1493.800049,1497.300049,1497.300049,686
2019-08-23,1493.5,1527.599976,1493.5,1526.599976,1526.599976,983
2019-08-25,1545.400024,1565,1545.400024,1557.099976,1557.099976,3271014
2019-08-26,1543.199951,1543.300049,1524.300049,1526.300049,1526.300049,334
2019-08-27,1530.5,1542.099976,1528.5,1541,1541,166
2019-08-28,1538.099976,1538.099976,1537.800049,1537.800049,1537.800049,2756
2019-08-29,1537.5,1549.300049,1519.599976,1526.5,1526.5,704
2019-08-30,1524.599976,1530.400024,1516.699951,1519.099976,1519.099976,276
2019-09-01,1535.199951,1544.5,1535.199951,1538.199951,1538.199951,1058582
2019-09-03,1522.900024,1547.300049,1521,1545.900024,1545.900024,139
2019-09-04,1549,1553.199951,1534.800049,1550.300049,1550.300049,46
2019-09-05,1551,1551.099976,1511.099976,1515.400024,1515.400024,125
2019-09-06,1517.300049,1526,1504.5,1506.199951,1506.199951,54
2019-09-08,1516.400024,1516.400024,1511.5,1513.400024,1513.400024,499830
2019-09-09,1509,1513,1498,1502.199951,1502.199951,69
2019-09-10,1498.5,1498.5,1486.900024,1490.300049,1490.300049,23
2019-09-11,1491.699951,1496.599976,1490.199951,1494.400024,1494.400024,8
2019-09-12,1499.5,1515.400024,1498.699951,1498.699951,1498.699951,27
2019-09-13,1490.900024,1490.900024,1486.900024,1490.900024,1490.900024,1
2019-09-15,1513.099976,1515.599976,1506.300049,1515,1515,2390440
2019-09-16,1506.599976,1506.800049,1496.900024,1503.099976,1503.099976,21
2019-09-17,1497.900024,1505.099976,1497.900024,1505.099976,1505.099976,3
2019-09-18,1508.900024,1509.400024,1489.300049,1507.5,1507.5,8
2019-09-19,1496.099976,1502.400024,1496.099976,1498.400024,1498.400024,10
2019-09-20,1503,1507.300049,1503,1507.300049,1507.300049,2
2019-09-22,1521.5,1522.199951,1517.900024,1521.199951,1521.199951,846806
2019-09-23,1515.5,1523.699951,1515.5,1523.699951,1523.699951,5
2019-09-24,1515.099976,1533,1515.099976,1532.099976,1532.099976,25
2019-09-25,1527.599976,1527.900024,1504.599976,1504.599976,1504.599976,25
2019-09-26,1507.5,1507.5,1507.5,1507.5,1507.5,8178
2019-09-27,1504.199951,1506.099976,1485.599976,1499.099976,1499.099976,7827
2019-09-29,1501.699951,1507.199951,1501.099976,1503.599976,1503.599976,486268
2019-09-30,1495.900024,1495.900024,1463.5,1465.699951,1465.699951,1078
2019-10-01,1468.699951,1485.5,1458.300049,1482,1482,219
2019-10-02,1476.599976,1503.699951,1474.099976,1501,1501,205
2019-10-03,1497.400024,1518.199951,1496.599976,1507.099976,1507.099976,1213
2019-10-04,1505.599976,1508.699951,1497.099976,1506.199951,1506.199951,233
2019-10-06,1518.599976,1518.800049,1511,1513.099976,1513.099976,515526
2019-10-07,1504.800049,1505.800049,1489.099976,1497.699951,1497.699951,121
2019-10-08,1489.400024,1506.300049,1489.300049,1497.199951,1497.199951,46
2019-10-09,1507.699951,1507.699951,1498.400024,1506.099976,1506.099976,120
2019-10-10,1511.199951,1511.199951,1490.599976,1494.800049,1494.800049,78
2019-10-11,1491.900024,1494.900024,1476.900024,1482.699951,1482.699951,57
2019-10-13,1492,1493.400024,1487.099976,1489.699951,1489.699951,470233
2019-10-14,1484.400024,1493.5,1481.300049,1491.699951,1491.699951,400
2019-10-15,1488.900024,1495.400024,1476.599976,1477.599976,1477.599976,367
2019-10-16,1482,1488,1480,1488,1488,383
2019-10-17,1486.199951,1493.199951,1485.800049,1492.300049,1492.300049,271
2019-10-18,1487.300049,1489.099976,1486.599976,1488.199951,1488.199951,82
2019-10-20,1495.599976,1496,1494,1495,1495,289495
2019-10-21,1489.900024,1489.900024,1481.5,1482.400024,1482.400024,72
2019-10-22,1483.400024,1483.5,1481.699951,1481.699951,1481.699951,99
2019-10-23,1486.400024,1490.300049,1486.400024,1489.900024,1489.900024,67
2019-10-24,1490.5,1501.199951,1485.900024,1498.900024,1498.900024,115
2019-10-25,1501.400024,1514.300049,1499,1499.5,1499.5,93
2019-10-27,1507.400024,1507.400024,1504.699951,1506.599976,1506.599976,217674
2019-10-28,1504.099976,1504.099976,1490,1490,1490,37
2019-10-29,1485.900024,1487,1485.900024,1487,1487,425
2019-10-30,1487.199951,1495.400024,1481,1493.199951,1493.199951,320
2019-10-31,1496.099976,1513.099976,1496.099976,1511.400024,1511.400024,210
2019-11-01,1511,1511.599976,1503,1508,1508,235
2019-11-03,1516.400024,1516.5,1514.5,1515.099976,1515.099976,98462
2019-11-04,1511.599976,1511.599976,1508,1508,1508,101
2019-11-05,1507.099976,1507.099976,1480.800049,1480.800049,1480.800049,31
2019-11-06,1483.199951,1491,1483.199951,1490.199951,1490.199951,567
2019-11-07,1489.099976,1489.099976,1464.199951,1464.199951,1464.199951,581
2019-11-08,1469.099976,1469.099976,1461.300049,1461.300049,1461.300049,21
2019-11-10,1460,1461.900024,1459.5,1461.800049,1461.800049,95488
2019-11-11,1461,1461,1449.300049,1455.5,1455.5,22
2019-11-12,1454.900024,1454.900024,1447.099976,1452.099976,1452.099976,6
2019-11-13,1456.800049,1463.300049,1456.800049,1461.699951,1461.699951,56
2019-11-14,1463.800049,1471.800049,1463.699951,1471.800049,1471.800049,83
2019-11-15,1469.099976,1469.099976,1467.300049,1467.300049,1467.300049,13
2019-11-17,1467.800049,1470.199951,1467.800049,1470.099976,1470.099976,55631
2019-11-18,1472,1472,1469.699951,1470.900024,1470.900024,141
2019-11-19,1467.699951,1474.300049,1467.699951,1473.300049,1473.300049,18
2019-11-20,1472.599976,1474.5,1467.300049,1473.300049,1473.300049,31
2019-11-21,1463.099976,1463.099976,1463.099976,1463.099976,1463.099976,16
2019-11-22,1468.599976,1468.599976,1463.099976,1463.099976,1463.099976,19
2019-11-24,1461,1461.199951,1459.400024,1460.400024,1460.400024,108031
2019-11-25,1457.099976,1457.099976,1455.5,1456.599976,1456.599976,14
2019-11-26,1459.800049,1459.800049,1459.800049,1459.800049,1459.800049,346362
2019-11-27,1461.099976,1461.900024,1452,1453.400024,1453.400024,88364
2019-11-29,null,null,null,null,null,null
2019-12-01,1470.300049,1470.599976,1467.800049,1468,1468,123001
2019-12-02,1462.800049,1464.400024,1453.300049,1462.300049,1462.300049,2172
2019-12-03,1461.599976,1480.400024,1459.5,1478.199951,1478.199951,1460
2019-12-04,1477.5,1483.400024,1471.199951,1474,1474,613
2019-12-05,1474.699951,1478,1472.300049,1476.900024,1476.900024,907
2019-12-06,1475,1476,1458.199951,1459.099976,1459.099976,899
2019-12-08,1464.099976,1464.300049,1463,1463.900024,1463.900024,88098
2019-12-09,1458.800049,1464.199951,1458.599976,1459.300049,1459.300049,1461
2019-12-10,1460.699951,1467.199951,1460.699951,1462.599976,1462.599976,367
2019-12-11,1463.099976,1475.400024,1463.099976,1469.400024,1469.400024,393
2019-12-12,1475.099976,1483.900024,1463.699951,1466.699951,1466.699951,955
2019-12-13,1463.099976,1475.900024,1463.099976,1475.599976,1475.599976,468
2019-12-15,1480,1480.800049,1478.099976,1478.400024,1478.400024,102610
2019-12-16,1473.800049,1475.300049,1473.800049,1475,1475,99
2019-12-17,1474.099976,1476.900024,1474,1474.599976,1474.599976,410
2019-12-18,1472.599976,1472.599976,1472.599976,1472.599976,1472.599976,250
2019-12-19,1475.900024,1478.900024,1473.300049,1478.199951,1478.199951,319
2019-12-20,1476.699951,1478.099976,1474.699951,1474.699951,1474.699951,118
2019-12-22,1482.400024,1482.5,1481.199951,1482.099976,1482.099976,72933
2019-12-23,1482.300049,1482.5,1479.900024,1482.5,1482.5,391
2019-12-24,null,null,null,null,null,null
2019-12-26,1505.199951,1512.300049,1505,1509.300049,1509.300049,126
2019-12-27,1513.800049,1513.800049,1513.800049,1513.800049,1513.800049,839
2019-12-29,1515.900024,1517.5,1515.300049,1517,1517,128902
2019-12-30,1512.599976,1515.099976,1510,1514.5,1514.5,446
2019-12-31,1513.800049,1523.400024,1513.800049,1519.5,1519.5,301
2020-01-02,1518.099976,1528.699951,1518,1524.5,1524.5,214
2020-01-03,1530.099976,1552.699951,1530.099976,1549.199951,1549.199951,107
2020-01-05,1562.699951,1590.900024,1562.300049,1571.599976,1571.599976,1644577
2020-01-06,1580,1580,1560.400024,1566.199951,1566.199951,416
2020-01-07,1558.300049,1576.300049,1558.300049,1571.800049,1571.800049,47
2020-01-08,1579.699951,1604.199951,1552.300049,1557.400024,1557.400024,236
2020-01-09,1555.699951,1555.699951,1543.300049,1551.699951,1551.699951,54
2020-01-10,1551.199951,1558.800049,1545.400024,1557.5,1557.5,16
2020-01-12,1563,1563.099976,1558.900024,1560.099976,1560.099976,212211
2020-01-13,1557.400024,1558,1548.400024,1548.400024,1548.400024,48
2020-01-14,1546.699951,1546.699951,1534.900024,1542.400024,1542.400024,32
2020-01-15,1548,1553.900024,1545.599976,1552.099976,1552.099976,11
2020-01-16,1555.699951,1556.099976,1548.5,1549,1549,98
2020-01-17,1554.099976,1558.800049,1553.599976,1558.800049,1558.800049,108
2020-01-19,1557.300049,1559.099976,1555.900024,1557,1557,130204
2020-01-21,1559.300049,1566.199951,1551,1556.400024,1556.400024,45
2020-01-22,1549.800049,1557.099976,1549.800049,1555.300049,1555.300049,42
2020-01-23,1553.099976,1564.599976,1552.199951,1564.599976,1564.599976,15
2020-01-24,1556.300049,1571.099976,1556.300049,1571.099976,1571.099976,43
2020-01-26,1580.5,1588.400024,1578.699951,1581.900024,1581.900024,1035659
2020-01-27,1584.300049,1584.5,1576.800049,1576.800049,1576.800049,22
2020-01-28,1576.400024,1576.400024,1569.199951,1569.199951,1569.199951,3
2020-01-29,1569.800049,1569.800049,1569.800049,1569.800049,1569.800049,251274
2020-01-30,1576.800049,1585,1571.400024,1583.5,1583.5,62336
2020-01-31,1573.400024,1589,1570,1582.900024,1582.900024,1095
2020-02-02,1597.800049,1598.5,1588.599976,1594,1594,489901
2020-02-03,1592.900024,1593.300049,1568.199951,1577.199951,1577.199951,1062
2020-02-04,1577.699951,1577.699951,1547.800049,1550.400024,1550.400024,978
2020-02-05,1553.199951,1560.699951,1547.699951,1557.800049,1557.800049,1305
2020-02-06,1553.599976,1565.599976,1551.599976,1565.099976,1565.099976,110
2020-02-07,1564.900024,1571.900024,1560.5,1568.599976,1568.599976,431
2020-02-09,1575.800049,1580.199951,1572.599976,1577.599976,1577.599976,233774
2020-02-10,1569.300049,1574.699951,1568.599976,1574.699951,1574.699951,128
2020-02-11,1570.900024,1571.099976,1561.900024,1565.599976,1565.599976,440
2020-02-12,1565.199951,1568.699951,1561,1567.400024,1567.400024,36
2020-02-13,1570.199951,1575.099976,1570.199951,1575.099976,1575.099976,74
2020-02-14,1575.800049,1582.699951,1574.800049,1582.699951,1582.699951,68
2020-02-16,1585.099976,1585.699951,1583.300049,1585.099976,1585.099976,136106
2020-02-18,1579.800049,1604.300049,1579.800049,1600,1600,310
2020-02-19,1600.599976,1610.5,1599.699951,1607.5,1607.5,542
2020-02-20,1606.5,1621,1603,1616.599976,1616.599976,117
2020-02-21,1619.300049,1645,1619.300049,1644.599976,1644.599976,186
2020-02-23,1656,1684.099976,1654.599976,1667.099976,1667.099976,1560329
2020-02-24,1657,1686.599976,1650,1672.400024,1672.400024,435
2020-02-25,1645.099976,1653.699951,1632.300049,1646.900024,1646.900024,409
2020-02-26,1644,1648.099976,1636.400024,1640,1640,1990
2020-02-27,1641.099976,1658,1638.5,1640,1640,707
2020-02-28,1640.300049,1642.5,1564.099976,1564.099976,1564.099976,289
2020-03-01,null,null,null,null,null,null
2020-03-02,1583.900024,1608.300049,1574.300049,1592.300049,1592.300049,537
2020-03-03,1594.5,1645.300049,1594,1642.099976,1642.099976,610
2020-03-04,1645.400024,1645.900024,1631.300049,1641.099976,1641.099976,83
2020-03-05,1637.300049,1672.900024,1637.199951,1666.400024,1666.400024,154
2020-03-06,1670.800049,1686.199951,1647.199951,1670.800049,1670.800049,175
2020-03-08,null,null,null,null,null,null
2020-03-09,1696.099976,1701.599976,1657.699951,1674.5,1674.5,161
2020-03-10,1671.599976,1674.599976,1643,1659.099976,1659.099976,48
2020-03-11,1656.599976,1666.5,1635,1641.400024,1641.400024,47
2020-03-12,1637,1647.5,1566.400024,1589.300049,1589.300049,256
2020-03-13,1574.900024,1589.800049,1513.800049,1515.699951,1515.699951,89
2020-03-15,null,null,null,null,null,null
2020-03-16,1569.099976,1569.099976,1452.099976,1485.900024,1485.900024,193
2020-03-17,1469.300049,1537.699951,1469.300049,1524.900024,1524.900024,122
2020-03-18,1537.5,1542,1477.300049,1477.300049,1477.300049,333
2020-03-19,1481.5,1491.599976,1471,1478.599976,1478.599976,262
2020-03-20,1483.5,1484,1483.5,1484,1484,14
2020-03-22,1505,1510.699951,1484.599976,1495.599976,1495.599976,1415965
2020-03-23,1505.300049,1567,1490.199951,1567,1567,51
2020-03-24,1592.699951,1685.5,1592.699951,1660.199951,1660.199951,442
2020-03-25,1676.5,1676.5,1631.099976,1632.300049,1632.300049,476
2020-03-26,1660.5,1660.5,1650.099976,1650.099976,1650.099976,3
2020-03-27,1623.900024,1623.900024,1623.900024,1623.900024,1623.900024,100638
2020-03-29,1663.400024,1673.599976,1634.400024,1664.199951,1664.199951,659276
2020-03-30,1641.199951,1652.800049,1607.199951,1622,1622,16389
2020-03-31,1618.699951,1621,1576,1583.400024,1583.400024,2874
2020-04-01,1570,1600,1570,1578.199951,1578.199951,2158
2020-04-02,1590.900024,1631.199951,1586,1625.699951,1625.699951,1294
2020-04-03,1624.5,1636,1619.800049,1633.699951,1633.699951,643
2020-04-05,null,null,null,null,null,null
2020-04-06,1629.099976,1696.699951,1625.900024,1677,1677,1063
2020-04-07,1695.699951,1724.400024,1658,1664.800049,1664.800049,1144
2020-04-08,1669.699951,1677,1662.5,1665.400024,1665.400024,747
2020-04-09,1662.699951,1736.199951,1662.699951,1736.199951,1736.199951,825
2020-04-12,1742.300049,1747.699951,1731.800049,1738.199951,1738.199951,576785
2020-04-13,1722,1756.800049,1710.699951,1744.800049,1744.800049,696
2020-04-14,1756.800049,1775,1739.5,1756.699951,1756.699951,675
2020-04-15,1739.400024,1744.900024,1722.699951,1727.199951,1727.199951,642
2020-04-16,1731,1750.599976,1715,1720.400024,1720.400024,162
2020-04-17,1715.699951,1725,1684.900024,1689.199951,1689.199951,223
2020-04-19,1694.699951,1695.400024,1686.199951,1690.199951,1690.199951,402235
2020-04-20,1686,1701.599976,1680,1701.599976,1701.599976,106
2020-04-21,1697,1707.099976,1659.900024,1678.199951,1678.199951,666
2020-04-22,1696,1728.699951,1684.800049,1728.699951,1728.699951,453
2020-04-23,1734,1745.099976,1733.300049,1733.300049,1733.300049,482
2020-04-24,1744,1744,1714.5,1723.5,1723.5,221
2020-04-26,1739.900024,1743.300049,1737.099976,1741.400024,1741.400024,269034
2020-04-27,1731.900024,1731.900024,1711.900024,1711.900024,1711.900024,169
2020-04-28,1716.599976,1716.599976,1707.099976,1710.5,1710.5,1255
2020-04-29,1710,1713.5,1702,1703.400024,1703.400024,373
2020-04-30,1719.300049,1719.300049,1680.800049,1684.199951,1684.199951,327
2020-05-01,1686.599976,1701.5,1670.5,1694.5,1694.5,337
2020-05-03,1711.199951,1712,1700.300049,1704.900024,1704.900024,433992
2020-05-04,1702.599976,1709,1699.599976,1706.900024,1706.900024,320
2020-05-05,1701.5,1704.400024,1697.199951,1704.400024,1704.400024,82
2020-05-06,1704,1704,1684.199951,1684.199951,1684.199951,469
2020-05-07,1686.199951,1721.800049,1685.599976,1721.800049,1721.800049,853
2020-05-08,1726.199951,1728.900024,1703.800049,1709.900024,1709.900024,330
2020-05-10,1706,1711.300049,1703.900024,1708.400024,1708.400024,320585
2020-05-11,1702.300049,1704.5,1690.199951,1695.300049,1695.300049,749
2020-05-12,1699.300049,1713.099976,1699.300049,1704.400024,1704.400024,324
2020-05-13,1702,1721.300049,1701.900024,1713.900024,1713.900024,431
2020-05-14,1724.300049,1743.099976,1720.5,1738.099976,1738.099976,672
2020-05-15,1739.699951,1753.400024,1739.699951,1753.400024,1753.400024,719
2020-05-17,1757.5,1768.300049,1755.199951,1766.599976,1766.599976,789090
2020-05-18,1755.699951,1770.5,1731.800049,1731.800049,1731.800049,229
2020-05-19,1744.199951,1749.5,1744.199951,1744.199951,1744.199951,167
2020-05-20,1751.599976,1752.099976,1745.599976,1750.599976,1750.599976,16
2020-05-21,1746.800049,1746.800049,1720.5,1720.5,1720.5,528
2020-05-22,1726.599976,1734.599976,1726.599976,1734.599976,1734.599976,6
2020-05-24,1731.300049,1732.599976,1729.599976,1730.599976,1730.599976,109527
2020-05-26,1726.400024,1726.400024,1704.800049,1704.800049,1704.800049,39
2020-05-27,1685.599976,1710.300049,1685.599976,1710.300049,1710.300049,137416
2020-05-28,1709.300049,1727.800049,1705,1713.300049,1713.300049,23355
2020-05-29,1718.800049,1738.300049,1715.099976,1736.900024,1736.900024,1526
2020-05-31,1749.800049,1758.599976,1740.400024,1755.199951,1755.199951,596799
2020-06-01,1740.400024,1747,1727.099976,1737.800049,1737.800049,871
2020-06-02,1743,1745.5,1721.800049,1725.199951,1725.199951,741
2020-06-03,1726.300049,1726.300049,1684.5,1697.800049,1697.800049,2755
2020-06-04,1694.5,1718.900024,1694.5,1718.900024,1718.900024,807
2020-06-05,1711.800049,1711.800049,1668.599976,1676.199951,1676.199951,1502
2020-06-07,1686.699951,1688.199951,1680.699951,1684.599976,1684.599976,386878
2020-06-08,1679.099976,1699.400024,1675.900024,1698.300049,1698.300049,587
2020-06-09,1694.599976,1720.900024,1692,1714.699951,1714.699951,690
2020-06-10,1716.099976,1740.800049,1711.900024,1713.300049,1713.300049,718
2020-06-11,1737.199951,1744.099976,1720,1732,1732,347
2020-06-12,1724.900024,1743,1724.900024,1729.300049,1729.300049,318
2020-06-14,1740.699951,1743.800049,1735.800049,1740.699951,1740.699951,317074
2020-06-15,1730,1730,1703.300049,1720.300049,1720.300049,188
2020-06-16,1726.300049,1729.599976,1722.400024,1729.599976,1729.599976,22
2020-06-17,1714.699951,1729.199951,1714.699951,1729.199951,1729.199951,51
2020-06-18,1730.5,1734.099976,1717.300049,1724.800049,1724.800049,110
2020-06-19,1723.699951,1750.699951,1723.5,1745.900024,1745.900024,1329
2020-06-21,1765.800049,1766.199951,1759.400024,1761.5,1761.5,779355
2020-06-22,1755.199951,1767.599976,1750.5,1756.699951,1756.699951,1356
2020-06-23,1755.400024,1776.300049,1754.199951,1772.099976,1772.099976,666
2020-06-24,1778.300049,1783.099976,1764.5,1765.800049,1765.800049,961
2020-06-25,1761.699951,1764.800049,1759.800049,1762.099976,1762.099976,207
2020-06-26,1766,1772.5,1764.699951,1772.5,1772.5,640
2020-06-28,1789.199951,1790.400024,1785,1785.300049,1785.300049,500645
2020-06-29,1779.800049,1780.199951,1774.300049,1774.800049,1774.800049,584
2020-06-30,1777.300049,1793.199951,1774.400024,1793,1793,986
2020-07-01,1793.599976,1798,1765.800049,1773.199951,1773.199951,331
2020-07-02,1773.400024,1784,1768.699951,1784,1784,215
2020-07-05,1787,1788.800049,1785.300049,1787.099976,1787.099976,142778
2020-07-06,1788.199951,1790.099976,1788.199951,1788.5,1788.5,172
2020-07-07,1789.300049,1804.199951,1783.300049,1804.199951,1804.199951,751
2020-07-08,1801.5,1817.900024,1801.5,1815.5,1815.5,209
2020-07-09,1816.099976,1819.800049,1799.199951,1799.199951,1799.199951,396
2020-07-10,1805.5,1805.5,1797.699951,1798.199951,1798.199951,236
2020-07-12,1803.400024,1806,1802.099976,1804.5,1804.5,282408
2020-07-13,1805,1811,1805,1811,1811,164
2020-07-14,1791,1811.5,1791,1810.599976,1810.599976,339
2020-07-15,1806.099976,1813.5,1806.099976,1811.400024,1811.400024,167
2020-07-16,1810.900024,1810.900024,1794.300049,1798.699951,1798.699951,146
2020-07-17,1798.5,1810.099976,1798.5,1808.300049,1808.300049,24
2020-07-19,1812.300049,1812.5,1809.800049,1810.300049,1810.300049,256066
2020-07-20,1807,1817.300049,1807,1815.900024,1815.900024,89
2020-07-21,1822,1842.400024,1822,1842.400024,1842.400024,117
2020-07-22,1858.099976,1867,1854.699951,1864.099976,1864.099976,213
2020-07-23,1868.699951,1890.300049,1868.5,1889.099976,1889.099976,133
2020-07-24,1884.300049,1897.300049,1884.300049,1897.300049,1897.300049,474
2020-07-26,1901.199951,1911.900024,1899,1910.199951,1910.199951,1474103
2020-07-27,1901.699951,1938,1901.5,1931,1931,364
2020-07-28,1931.5,1944.699951,1928.599976,1944.699951,1944.699951,825
2020-07-29,1953.199951,1953.5,1952.599976,1953.5,1953.5,209835
2020-07-30,1963.400024,1965.099976,1930,1942.300049,1942.300049,28853
2020-07-31,1948.599976,1981.099976,1948,1962.800049,1962.800049,2914
2020-08-02,1997.400024,2009.5,1993.599976,1998,1998,1079571
2020-08-03,1984.300049,1984.300049,1955.5,1966,1966,683
2020-08-04,1971,2016.199951,1968.800049,2001.199951,2001.199951,2010
2020-08-05,2024,2050.199951,2011,2031.099976,2031.099976,1422
2020-08-06,2045.5,2063,2040,2051.5,2051.5,294
2020-08-07,2040.099976,2055,2009.599976,2010.099976,2010.099976,808
2020-08-09,2044.800049,2047.5,2028.699951,2038.699951,2038.699951,802445
2020-08-10,2026.400024,2043.800049,2017.5,2024.400024,2024.400024,233
2020-08-11,2012.400024,2016,1904,1932.599976,1932.599976,971
2020-08-12,1923,1946.599976,1871.599976,1934.900024,1934.900024,404
2020-08-13,1921.5,1957.400024,1916.900024,1956.699951,1956.699951,71
2020-08-14,1938.699951,1947.400024,1937,1937,1937,201
2020-08-16,1956.400024,1959.900024,1948.099976,1949.5,1949.5,521135
2020-08-17,1949.599976,1985,1949.599976,1985,1985,97
2020-08-18,2001.099976,2002.800049,1972.099976,1999.400024,1999.400024,92
2020-08-19,1980,1980,1938.699951,1958.699951,1958.699951,347
2020-08-20,1941.199951,1948.300049,1922.300049,1933.800049,1933.800049,106
2020-08-21,1941,1945,1908.900024,1934.599976,1934.599976,184
2020-08-23,1947.900024,1949,1938.099976,1943.900024,1943.900024,536686
2020-08-24,1930.199951,1940,1922.199951,1927.699951,1927.699951,85
2020-08-25,1927.5,1928.5,1911.800049,1911.800049,1911.800049,176
2020-08-26,1930.900024,1963.400024,1908.400024,1960.400024,1960.400024,159978283
