school,sex,age,address,famsize,Medu,Fedu,Mjob,Fjob,studytime,famrel,freetime,Dalc,Walc,health,absences,G31
GP,F,18,U,GT3,4,4,at_home,teacher,2,4,3,1,1,3,4,0
GP,F,17,U,GT3,1,1,at_home,other,2,5,3,1,1,3,2,0
GP,F,15,U,LE3,1,1,unknown,other,2,4,3,2,3,3,6,0
GP,F,15,U,GT3,4,2,health,services,3,3,2,1,1,5,0,1
GP,F,16,U,GT3,3,3,other,other,2,4,3,1,2,5,0,1
GP,M,16,U,LE3,4,3,services,other,2,5,4,1,2,5,6,1
GP,M,16,U,LE3,2,2,other,other,2,4,4,1,1,3,0,1
GP,F,17,U,GT3,4,4,other,teacher,2,4,1,1,1,1,2,1
GP,M,15,U,LE3,3,2,services,other,2,4,2,1,1,1,0,1
GP,M,15,U,GT3,3,4,other,other,2,5,5,1,1,5,0,1
GP,F,15,U,GT3,4,4,teacher,health,2,3,3,1,2,2,2,1
GP,F,15,U,GT3,2,1,services,other,3,5,2,1,1,4,0,1
GP,M,15,U,LE3,4,4,health,services,1,4,3,1,3,5,0,0
GP,M,15,U,GT3,4,3,teacher,other,2,5,4,1,2,3,0,1
GP,M,15,U,GT3,2,2,other,other,3,4,5,1,1,3,0,1
GP,F,16,U,GT3,4,4,health,other,1,4,4,1,2,2,6,1
GP,F,16,U,GT3,4,4,services,services,3,3,2,1,2,2,10,1
GP,F,16,U,GT3,3,3,other,other,2,5,3,1,1,4,2,1
GP,M,17,U,GT3,3,2,services,services,1,5,5,2,4,5,2,0
GP,M,16,U,LE3,4,3,health,other,1,3,1,1,3,5,6,0
GP,M,15,U,GT3,4,3,teacher,unknown,2,4,4,1,1,1,0,1
GP,M,15,U,GT3,4,4,health,health,1,5,4,1,1,5,0,0
GP,M,16,U,LE3,4,2,teacher,other,2,4,5,1,3,5,0,1
GP,M,16,U,LE3,2,2,other,other,2,5,4,2,4,5,2,0
GP,F,15,R,GT3,2,4,services,health,3,4,3,1,1,5,2,0
GP,F,16,U,GT3,2,2,services,services,1,1,2,1,3,5,6,0
GP,M,15,U,GT3,2,2,other,other,1,4,2,1,2,5,8,0
GP,M,15,U,GT3,4,2,health,services,1,2,2,2,4,1,0,0
GP,M,16,U,LE3,3,4,services,other,2,5,3,1,1,5,2,1
GP,M,16,U,GT3,4,4,teacher,teacher,2,4,4,5,5,5,4,0
GP,M,15,U,GT3,4,4,health,services,2,5,4,3,4,5,0,0
GP,M,15,U,GT3,4,4,services,services,2,4,3,1,1,5,2,1
GP,M,15,R,GT3,4,3,teacher,at_home,2,4,5,1,1,5,0,1
GP,M,15,U,LE3,3,3,other,other,2,5,3,1,1,2,0,0
GP,M,16,U,GT3,3,2,other,other,1,5,4,1,1,5,4,0
GP,F,15,U,GT3,2,3,other,other,1,3,5,1,1,5,4,0
GP,M,15,U,LE3,4,3,teacher,services,3,5,4,1,1,4,0,1
GP,M,16,R,GT3,4,4,other,teacher,3,2,4,1,1,5,4,1
GP,F,15,R,GT3,3,4,services,health,3,4,3,1,1,5,2,0
GP,F,15,R,GT3,2,2,at_home,other,1,4,3,1,1,2,8,0
GP,F,16,U,LE3,2,2,other,other,2,3,3,1,2,3,16,0
GP,M,15,U,LE3,4,4,teacher,other,1,5,4,2,4,5,8,0
GP,M,15,U,GT3,4,4,services,teacher,2,4,3,1,1,5,0,1
GP,M,15,U,GT3,2,2,services,services,1,5,4,1,1,1,0,0
GP,F,16,U,LE3,2,2,other,at_home,2,4,3,2,2,5,14,0
GP,F,15,U,LE3,4,3,other,other,2,5,2,1,1,5,4,0
GP,F,16,U,LE3,3,3,other,services,2,2,3,1,4,3,6,1
GP,M,16,U,GT3,4,3,health,services,4,4,2,1,1,2,2,1
GP,M,15,U,GT3,4,2,teacher,other,2,4,3,2,2,5,4,1
GP,F,15,U,GT3,4,4,services,teacher,2,4,4,1,1,3,2,0
GP,F,16,U,LE3,2,2,services,services,2,4,3,2,3,4,0,1
GP,F,15,U,LE3,4,2,health,other,2,4,3,1,1,5,0,1
GP,M,15,U,LE3,4,2,health,health,1,5,5,3,4,5,4,0
GP,F,15,U,GT3,4,4,services,services,1,3,3,2,3,5,0,0
GP,F,15,U,LE3,3,3,other,other,1,5,3,4,4,1,0,1
GP,F,16,U,GT3,2,1,other,other,2,5,3,1,1,2,2,0
GP,F,15,U,GT3,4,3,services,services,2,4,3,1,1,1,0,1
GP,M,15,U,GT3,4,4,teacher,health,2,3,2,1,1,5,8,1
GP,M,15,U,LE3,1,2,other,at_home,2,4,3,1,1,5,0,1
GP,F,16,U,GT3,4,2,services,other,2,4,2,1,1,5,2,1
GP,F,16,R,GT3,4,4,unknown,teacher,2,2,4,2,3,4,0,1
GP,F,16,U,GT3,1,1,services,services,1,5,5,5,5,5,0,1
GP,F,16,U,LE3,1,2,other,services,2,4,4,1,1,1,0,0
GP,F,16,U,GT3,4,3,teacher,health,3,3,4,2,4,4,0,1
GP,F,15,U,LE3,4,3,services,services,2,4,4,2,4,2,0,0
GP,F,16,U,LE3,4,3,teacher,services,2,5,4,1,2,1,2,1
GP,M,15,U,GT3,4,4,other,services,4,1,3,5,5,3,0,0
GP,F,16,U,GT3,3,1,services,other,4,4,3,1,2,5,0,0
GP,F,15,R,LE3,2,2,health,services,2,4,1,1,3,4,0,0
GP,F,15,R,LE3,3,1,other,other,4,4,4,2,3,3,6,1
GP,M,16,U,GT3,3,1,other,other,4,4,3,1,1,5,2,0
GP,M,15,U,GT3,4,2,other,other,4,3,3,1,1,3,0,0
GP,F,15,R,GT3,1,1,other,other,2,3,3,2,4,5,2,0
GP,M,16,U,GT3,3,1,other,other,1,5,3,2,2,5,0,1
GP,F,16,U,GT3,3,3,other,services,2,4,3,2,4,5,4,0
GP,M,15,U,GT3,4,3,teacher,other,2,4,3,2,3,5,0,0
GP,M,15,U,GT3,4,0,teacher,other,4,3,4,1,1,1,0,0
GP,F,16,U,GT3,2,2,other,other,4,5,2,1,3,3,1,1
GP,M,17,U,GT3,2,1,other,other,1,4,5,1,1,3,0,0
GP,F,16,U,GT3,3,4,at_home,other,2,2,4,1,2,3,14,0
GP,M,15,U,GT3,2,3,other,services,1,3,2,1,3,3,0,0
GP,M,15,U,GT3,2,3,other,other,3,5,3,1,2,5,2,0
GP,F,15,U,LE3,3,2,services,other,2,4,4,1,1,5,4,0
GP,M,15,U,LE3,2,2,services,services,2,5,3,1,3,4,2,1
GP,F,15,U,GT3,1,1,other,other,2,4,3,2,3,4,2,0
GP,F,15,U,GT3,4,4,services,services,2,4,4,2,3,5,4,0
GP,F,16,U,LE3,2,2,at_home,other,2,4,3,1,2,2,6,0
GP,F,15,U,GT3,4,2,other,other,3,5,3,1,3,1,4,1
GP,M,16,U,GT3,2,2,services,other,2,4,4,1,1,3,6,0
GP,M,16,U,LE3,4,4,teacher,unknown,2,4,1,3,5,5,6,0
GP,F,16,U,GT3,3,3,other,other,3,4,3,1,3,4,2,0
GP,F,15,U,GT3,4,3,services,other,1,4,5,1,3,1,6,1
GP,F,16,U,LE3,3,1,other,other,2,3,3,2,3,2,0,0
GP,F,16,U,GT3,4,2,teacher,services,2,5,3,1,1,1,2,1
GP,M,15,U,LE3,2,2,services,health,4,4,3,1,1,4,2,0
GP,F,15,R,GT3,1,1,at_home,other,4,3,1,1,1,1,4,1
GP,M,16,R,GT3,4,3,services,other,1,3,3,1,1,4,6,0
GP,F,16,U,GT3,2,1,other,other,2,4,3,1,1,5,0,0
GP,F,16,U,GT3,4,4,other,unknown,1,5,3,1,2,1,4,1
GP,F,16,U,GT3,4,3,other,unknown,3,5,3,1,1,3,2,1
GP,M,16,U,GT3,4,4,services,services,1,4,5,5,5,4,12,0
GP,M,16,U,GT3,4,4,services,teacher,3,4,4,1,1,4,0,1
GP,M,15,U,GT3,4,4,unknown,other,1,5,3,1,1,5,2,0
GP,F,15,U,GT3,3,2,services,other,2,4,3,1,1,2,16,0
GP,M,15,U,GT3,3,4,services,other,2,5,4,1,1,1,0,1
GP,F,15,U,GT3,3,3,other,health,4,4,3,1,1,4,10,0
GP,F,15,U,GT3,2,2,other,other,4,5,1,1,1,3,4,0
GP,M,16,U,GT3,3,3,services,other,3,5,3,1,1,5,4,1
GP,M,15,R,GT3,4,4,other,other,4,1,3,3,5,1,8,0
GP,F,16,U,LE3,4,4,health,health,3,5,4,1,1,4,2,1
GP,M,15,U,LE3,4,4,teacher,teacher,1,5,5,1,1,4,4,1
GP,F,16,R,GT3,3,3,services,other,3,4,1,1,1,2,4,0
GP,F,16,U,GT3,2,2,at_home,other,2,3,1,1,1,5,12,0
GP,M,15,U,LE3,4,2,teacher,other,1,3,5,1,1,3,10,1
GP,M,15,R,GT3,2,1,health,services,2,5,4,1,1,5,4,0
GP,M,16,U,GT3,4,4,teacher,teacher,2,5,4,1,2,5,6,1
GP,M,15,U,GT3,4,4,other,teacher,2,4,4,1,1,2,4,1
GP,M,16,U,GT3,3,3,other,services,1,5,4,1,1,5,6,1
GP,M,17,R,GT3,1,3,other,other,2,5,2,1,4,5,14,0
GP,M,15,U,GT3,3,4,other,other,1,3,4,1,2,4,2,1
GP,F,15,U,GT3,1,2,at_home,services,2,3,2,1,2,1,0,1
GP,M,15,U,GT3,2,2,services,services,4,5,5,1,2,5,6,1
GP,F,16,U,LE3,2,4,other,health,2,4,2,1,2,5,2,1
GP,M,16,U,GT3,4,4,health,other,1,3,4,1,4,5,4,1
GP,F,16,U,GT3,2,2,other,other,2,5,4,1,1,5,0,0
GP,M,15,U,GT3,3,4,services,services,1,5,5,3,2,5,2,0
GP,F,15,U,LE3,3,4,other,other,2,5,3,1,1,1,0,0
GP,F,19,U,GT3,0,1,at_home,other,2,3,4,1,1,5,0,0
GP,M,16,R,GT3,4,4,teacher,teacher,1,3,5,2,5,4,8,1
GP,M,16,U,GT3,2,3,other,other,3,3,2,2,2,1,4,1
GP,F,15,R,GT3,3,4,services,unknown,3,4,2,2,2,5,0,0
GP,F,18,U,GT3,2,1,services,unknown,2,5,4,1,3,5,10,0
GP,F,17,U,LE3,2,1,other,other,1,3,2,1,2,5,8,0
GP,F,15,U,GT3,1,1,at_home,other,1,4,3,1,2,4,6,1
GP,F,17,U,LE3,2,2,other,other,1,3,4,1,3,5,2,0
GP,F,16,U,GT3,3,4,services,other,1,3,2,1,4,5,12,1
GP,M,16,U,GT3,2,1,at_home,other,1,3,2,1,1,2,4,0
GP,F,16,U,GT3,2,2,other,other,1,5,3,1,1,5,12,0
GP,M,15,R,GT3,3,4,at_home,teacher,2,5,3,1,1,5,2,0
GP,F,15,U,GT3,4,4,services,at_home,3,4,3,1,1,5,4,1
GP,M,17,R,GT3,3,4,at_home,other,2,5,4,2,4,5,2,0
GP,F,16,R,GT3,1,1,at_home,other,2,5,1,1,1,3,0,1
GP,M,18,U,LE3,3,1,services,services,1,3,3,4,5,4,2,0
GP,F,18,U,GT3,3,2,other,services,3,4,3,5,1,5,10,0
GP,F,16,R,GT3,1,1,other,services,1,3,3,1,2,1,8,0
GP,F,16,U,GT3,3,3,other,other,1,4,3,1,1,5,4,0
GP,M,16,U,LE3,1,1,services,other,2,4,4,1,3,5,0,0
GP,F,15,U,GT3,4,4,teacher,teacher,1,4,3,1,1,5,6,1
GP,F,15,R,GT3,1,1,other,other,1,5,5,1,1,1,2,0
GP,M,15,U,GT3,4,3,teacher,services,4,2,2,1,1,3,6,0
GP,F,15,U,GT3,3,3,services,services,2,1,3,2,3,1,24,0
GP,M,16,U,GT3,4,4,services,services,3,5,3,1,3,5,0,1
GP,M,16,U,LE3,2,2,services,services,1,2,3,2,2,2,4,0
GP,F,15,U,GT3,4,4,unknown,services,3,4,2,1,1,5,2,1
GP,F,16,U,LE3,1,1,at_home,at_home,1,3,4,3,3,1,4,0
GP,M,17,U,GT3,2,1,other,other,1,5,4,1,2,5,22,0
GP,F,15,U,GT3,1,1,other,services,2,4,4,1,2,5,0,0
GP,F,15,U,LE3,2,1,at_home,other,1,4,4,1,1,5,0,0
GP,F,15,U,GT3,3,2,health,services,2,3,3,1,1,3,2,0
GP,F,15,U,GT3,1,2,at_home,other,2,4,3,1,1,5,6,1
GP,F,15,U,GT3,1,2,at_home,services,2,2,3,2,4,1,6,0
GP,M,16,U,GT3,4,4,teacher,teacher,1,3,3,2,1,5,16,0
GP,M,15,U,LE3,2,1,services,other,1,4,5,2,5,5,0,0
GP,M,18,U,LE3,1,1,other,other,1,2,3,2,5,4,0,0
GP,M,16,U,LE3,2,1,at_home,other,1,4,4,3,5,5,6,0
GP,F,15,R,GT3,3,3,services,services,3,4,2,2,3,3,2,1
GP,M,19,U,GT3,3,2,services,at_home,1,4,5,1,1,4,6,0
GP,F,17,U,GT3,4,4,other,teacher,1,4,2,1,1,4,0,1
GP,M,15,R,GT3,2,3,at_home,services,2,4,4,1,1,1,0,0
GP,M,17,R,LE3,1,2,other,other,1,2,2,3,3,5,14,0
GP,F,18,R,GT3,1,1,at_home,other,1,5,2,1,5,4,6,0
GP,M,16,R,GT3,2,2,at_home,other,1,4,2,1,2,3,4,0
GP,M,16,U,GT3,3,3,other,services,2,4,5,4,4,5,0,0
GP,M,16,U,LE3,1,2,health,services,1,4,4,3,5,5,0,0
GP,M,17,R,LE3,2,1,at_home,other,1,3,3,2,2,5,8,0
GP,M,17,R,GT3,3,2,other,other,2,4,4,1,4,3,4,0
GP,M,15,U,LE3,1,2,other,other,1,4,4,2,4,5,2,0
GP,M,16,U,GT3,1,3,at_home,services,1,5,3,1,4,2,2,0
GP,M,17,R,LE3,1,1,other,services,2,5,3,1,5,5,0,0
GP,M,17,U,GT3,3,2,services,services,1,4,5,1,1,2,10,0
GP,M,16,U,GT3,2,2,other,other,2,4,3,2,4,4,0,0
GP,F,16,U,GT3,4,2,health,services,2,4,2,1,1,3,0,1
GP,F,16,U,GT3,2,2,other,other,2,5,1,1,1,4,0,1
GP,F,16,U,GT3,4,4,health,health,2,4,4,1,1,3,0,1
GP,M,16,U,GT3,3,4,other,other,1,3,4,2,4,2,4,0
GP,M,16,U,GT3,1,0,other,other,2,4,3,1,1,3,0,1
GP,M,17,U,LE3,4,4,teacher,other,2,4,4,1,3,5,0,0
GP,F,16,U,GT3,1,3,at_home,services,2,4,3,1,1,3,0,1
GP,F,16,U,LE3,3,3,other,other,2,4,4,1,1,4,0,1
GP,M,17,U,LE3,4,3,teacher,other,2,4,4,4,4,4,0,0
GP,F,16,U,GT3,2,2,unknown,other,2,3,4,1,4,5,0,1
GP,M,17,U,GT3,3,3,other,other,2,4,3,1,4,4,4,0
GP,M,16,R,GT3,4,2,teacher,services,1,4,3,3,4,3,8,0
GP,M,17,U,GT3,4,3,other,other,2,5,2,1,1,2,4,1
GP,M,16,U,GT3,4,3,teacher,other,2,3,4,2,3,3,4,0
GP,M,16,U,GT3,3,3,services,other,2,4,2,1,2,3,0,1
GP,F,17,U,GT3,2,4,services,services,2,5,4,2,3,5,0,1
GP,F,17,U,LE3,3,3,other,other,2,5,3,2,3,1,32,1
GP,F,16,U,GT3,3,2,other,other,2,1,2,1,2,1,8,1
GP,M,17,U,GT3,3,3,services,services,2,4,3,2,3,4,6,1
GP,M,16,U,GT3,1,2,services,services,1,3,3,1,2,3,0,0
GP,M,16,U,LE3,2,1,other,other,2,4,2,1,2,5,0,1
GP,F,17,U,GT3,3,3,health,other,2,3,3,1,3,3,10,1
GP,M,17,R,GT3,1,2,at_home,other,2,3,1,1,5,3,6,0
GP,F,16,U,GT3,2,3,services,services,2,4,3,1,1,2,6,1
GP,F,17,U,GT3,1,1,at_home,services,2,5,3,1,1,3,0,0
GP,M,17,U,GT3,1,2,at_home,services,2,4,4,4,5,5,16,0
GP,M,16,R,GT3,3,3,services,services,1,4,3,3,4,5,0,0
GP,M,16,U,GT3,2,3,other,other,1,5,3,1,1,3,0,0
GP,F,17,U,LE3,2,4,services,services,2,4,3,1,1,5,8,1
GP,M,17,U,GT3,4,4,services,teacher,1,5,2,1,2,5,4,1
GP,M,16,R,LE3,3,3,teacher,other,1,3,3,3,5,3,16,0
GP,F,17,U,GT3,4,4,services,teacher,1,4,2,2,3,2,30,1
GP,F,16,U,LE3,4,4,teacher,teacher,2,4,5,1,2,3,0,0
GP,F,16,U,GT3,4,3,health,other,2,4,3,1,5,2,2,1
GP,F,16,U,GT3,2,3,other,other,2,4,4,1,3,4,4,0
GP,F,17,U,GT3,1,1,other,other,2,4,4,1,3,1,0,1
GP,F,17,R,GT3,2,2,other,other,1,5,3,1,2,3,21,1
GP,F,16,R,GT3,2,2,services,services,4,5,3,1,1,5,6,1
GP,F,17,U,GT3,3,4,unknown,services,3,4,4,3,4,5,14,0
GP,F,16,U,GT3,3,1,services,other,2,2,3,2,2,4,2,0
GP,F,16,U,GT3,4,3,teacher,other,2,1,3,1,1,1,4,1
GP,F,16,U,GT3,1,1,at_home,other,1,4,3,1,4,5,2,1
GP,F,17,R,GT3,4,3,teacher,other,3,4,4,1,1,4,0,0
GP,F,19,U,GT3,3,3,other,other,4,4,3,1,2,3,4,0
GP,M,17,U,LE3,4,4,services,other,2,5,3,4,5,3,15,0
GP,F,16,U,GT3,2,2,other,other,2,3,3,1,1,4,0,1
GP,M,18,U,GT3,2,2,services,other,2,4,4,2,4,5,10,0
GP,F,17,R,LE3,4,4,services,other,1,5,2,1,2,3,6,0
GP,F,17,U,LE3,3,2,other,other,2,4,4,1,3,1,2,1
GP,F,17,U,GT3,4,3,other,other,2,3,4,2,4,1,16,0
GP,M,18,U,LE3,3,3,services,health,2,3,2,2,4,4,10,0
GP,F,17,U,GT3,2,3,at_home,other,1,3,3,1,4,3,4,1
GP,F,17,U,GT3,2,2,at_home,at_home,3,4,3,1,1,4,0,1
GP,F,17,R,GT3,2,1,at_home,services,2,4,2,1,2,5,0,0
GP,F,17,U,GT3,1,1,at_home,other,3,4,3,1,1,5,12,0
GP,F,16,U,GT3,2,3,services,teacher,2,2,3,1,1,3,0,1
GP,M,18,U,GT3,2,2,other,other,2,3,3,5,5,4,9,0
GP,F,16,U,GT3,4,4,teacher,services,3,5,3,1,1,5,4,1
GP,F,18,R,GT3,3,1,other,other,2,5,3,1,1,4,4,0
GP,F,17,U,GT3,3,2,other,other,2,5,3,1,3,3,2,1
GP,M,17,U,LE3,2,3,services,unknown,2,5,3,1,3,3,0,0
GP,M,18,U,LE3,2,1,at_home,other,2,4,3,4,5,3,2,0
GP,F,17,U,GT3,2,1,other,other,3,3,2,1,2,3,0,1
GP,F,17,U,LE3,4,3,health,other,2,3,2,1,2,3,0,0
GP,M,17,R,GT3,2,2,other,other,2,4,5,1,1,1,0,1
GP,M,17,U,GT3,4,4,teacher,teacher,2,4,5,1,3,2,0,1
GP,M,16,U,GT3,4,4,health,other,2,4,2,2,4,1,0,1
GP,M,16,U,LE3,1,1,other,other,2,3,4,1,1,5,2,0
GP,M,16,U,GT3,3,2,at_home,other,3,5,3,1,3,2,0,0
GP,M,17,U,LE3,2,2,other,other,2,4,4,5,5,4,0,1
GP,F,16,U,GT3,2,1,other,other,1,4,5,1,1,5,4,0
GP,F,16,U,GT3,4,1,other,other,2,5,3,1,2,5,0,1
GP,F,18,U,LE3,2,4,services,other,2,4,3,1,1,3,18,0
GP,F,18,U,LE3,2,2,at_home,services,2,5,3,1,1,5,16,0
GP,F,18,U,GT3,3,3,other,other,1,4,1,1,1,3,14,0
GP,M,18,U,GT3,2,2,other,at_home,1,4,4,2,2,1,26,0
GP,M,17,U,GT3,4,4,teacher,teacher,1,4,2,1,2,5,6,0
GP,F,17,U,GT3,3,2,unknown,other,2,5,4,1,1,3,4,1
GP,F,17,U,LE3,1,1,at_home,at_home,3,4,3,1,2,4,10,0
GP,F,16,U,GT3,1,2,other,other,1,5,3,1,2,5,4,0
GP,F,17,R,GT3,2,1,at_home,services,2,2,1,1,1,3,2,1
GP,F,17,R,LE3,1,4,other,other,1,5,5,1,1,5,14,0
GP,M,18,U,GT3,2,2,other,services,2,5,5,3,5,2,16,0
GP,F,17,U,LE3,2,2,other,unknown,1,3,1,1,1,1,8,0
GP,F,17,R,LE3,1,1,at_home,other,3,4,3,1,3,5,4,1
GP,F,17,U,LE3,4,2,teacher,other,2,4,3,1,1,4,4,1
GP,M,17,U,LE3,4,3,health,other,2,2,5,1,4,5,8,1
GP,M,17,R,LE3,4,4,teacher,other,2,3,3,2,3,4,0,0
GP,M,16,U,LE3,4,3,teacher,other,1,5,4,1,1,3,7,1
GP,M,16,U,GT3,4,4,services,services,1,5,3,1,2,5,4,1
GP,F,17,U,GT3,4,4,teacher,services,2,5,3,1,4,5,2,0
GP,M,17,R,GT3,1,1,other,other,3,4,3,1,1,1,2,1
GP,F,17,U,GT3,3,3,services,other,3,4,2,2,3,5,10,0
GP,F,17,U,GT3,1,1,at_home,other,2,4,3,1,1,4,10,0
GP,F,18,U,GT3,2,1,other,other,3,4,4,1,1,3,10,0
GP,M,16,U,GT3,2,1,other,other,1,4,3,1,1,4,7,1
GP,F,17,U,GT3,1,1,other,services,2,4,3,1,2,5,4,0
GP,M,17,U,GT3,2,3,other,other,1,5,2,1,1,2,2,1
GP,M,22,U,GT3,3,1,services,services,1,5,4,5,5,1,12,0
GP,M,18,R,LE3,3,3,other,services,2,4,3,1,3,5,8,0
GP,M,16,U,GT3,0,2,other,other,1,4,3,2,4,5,0,0
GP,M,18,U,GT3,3,2,services,other,1,4,4,2,4,5,8,0
GP,M,16,U,GT3,3,3,at_home,other,2,5,3,1,3,2,4,0
GP,M,18,U,GT3,2,1,services,services,1,3,2,2,5,5,4,0
GP,M,16,R,GT3,2,1,other,other,1,3,3,1,3,3,2,0
GP,M,17,R,GT3,2,1,other,other,1,4,4,2,4,5,0,1
GP,M,17,U,LE3,1,1,health,other,1,4,4,1,2,5,0,0
GP,F,18,U,LE3,2,1,other,other,2,4,3,1,3,5,2,1
GP,F,17,U,LE3,4,2,teacher,unknown,4,4,2,1,1,4,2,1
GP,F,19,U,GT3,2,2,services,services,2,4,3,1,1,5,0,0
GP,M,18,U,LE3,2,1,services,unknown,2,4,4,4,4,5,4,0
GP,F,17,R,GT3,4,2,other,other,3,4,3,1,3,5,2,1
GP,F,18,U,LE3,1,1,other,unknown,3,4,4,2,3,3,4,1
GP,F,18,R,GT3,2,2,other,other,2,3,2,1,1,5,4,1
GP,M,19,U,LE3,4,3,services,at_home,2,4,3,1,1,1,4,1
GP,M,18,U,GT3,2,1,other,other,2,5,2,1,2,4,2,1
GP,M,17,R,GT3,2,2,other,services,1,5,2,1,1,4,0,0
GP,F,17,U,LE3,2,2,services,services,4,3,4,1,1,2,2,0
GP,F,20,R,GT3,2,1,unknown,other,2,1,2,1,2,2,8,0
GP,F,18,U,GT3,4,3,services,other,2,3,1,1,3,2,2,1
GP,M,18,U,GT3,4,3,teacher,other,2,4,3,1,1,3,2,0
GP,M,18,R,GT3,3,2,other,other,3,5,3,1,1,3,2,0
GP,F,17,U,GT3,3,3,other,other,3,3,2,1,1,4,2,1
GP,F,18,U,GT3,2,2,at_home,services,3,4,3,1,1,3,0,1
GP,M,17,U,GT3,2,2,other,other,1,4,4,2,3,4,8,0
GP,M,18,R,LE3,3,4,other,other,2,4,2,3,4,1,6,1
GP,M,17,U,GT3,3,1,services,other,2,5,4,3,4,5,0,1
GP,F,18,R,GT3,4,4,teacher,other,2,4,3,2,2,4,8,0
GP,M,18,U,GT3,4,2,health,other,2,5,4,1,3,5,4,1
GP,F,18,R,GT3,2,1,other,other,2,4,3,1,2,3,12,0
GP,F,19,U,GT3,3,3,other,services,2,4,3,3,3,5,16,0
GP,F,18,U,GT3,2,3,other,services,4,4,5,1,3,2,10,1
GP,F,18,U,LE3,1,1,other,other,2,4,4,1,1,3,2,1
GP,M,17,R,GT3,1,2,at_home,at_home,2,3,5,2,2,1,2,1
GP,F,18,U,GT3,2,1,other,other,2,4,2,1,2,1,8,1
GP,F,17,U,GT3,2,4,at_home,health,2,4,3,1,1,1,6,1
GP,F,17,U,LE3,2,2,services,other,2,4,4,2,3,5,6,0
GP,F,18,R,GT3,3,2,other,services,2,4,1,1,1,5,15,0
GP,M,18,U,GT3,4,4,teacher,services,1,3,2,1,4,3,6,0
GP,F,18,U,GT3,4,4,health,health,2,2,4,1,1,4,2,1
GP,F,17,U,GT3,2,2,other,services,3,4,2,1,1,1,8,1
GP,F,19,R,GT3,3,2,services,services,2,3,3,4,3,3,0,0
GP,M,18,U,LE3,4,3,teacher,services,1,4,2,1,2,1,0,0
GP,M,18,U,GT3,1,2,at_home,other,1,3,4,2,4,4,10,0
GP,M,17,U,LE3,4,1,services,other,1,4,5,2,4,5,22,0
GP,M,17,U,LE3,3,2,teacher,services,1,4,4,3,4,3,18,1
GP,F,18,R,LE3,1,1,at_home,other,4,5,2,1,1,3,2,1
GP,F,18,U,GT3,1,1,other,other,2,5,4,1,1,4,0,1
GP,F,17,U,GT3,2,2,other,other,2,5,4,1,2,5,12,1
GP,F,18,U,GT3,2,1,unknown,other,2,4,3,1,1,5,10,1
GP,M,17,U,GT3,1,1,other,other,2,4,3,1,2,4,0,0
GP,F,18,U,GT3,2,2,at_home,at_home,3,4,3,1,2,2,0,1
GP,F,17,U,GT3,1,1,services,teacher,3,4,3,1,1,3,0,1
GP,M,18,U,GT3,2,1,services,services,3,4,2,1,3,2,0,1
GP,M,18,U,LE3,4,4,teacher,teacher,2,5,4,1,1,2,0,1
GP,M,18,U,GT3,4,2,teacher,other,2,4,3,1,4,5,2,1
GP,F,17,U,GT3,4,3,health,services,3,4,2,1,2,3,0,1
GP,F,17,R,LE3,3,1,services,other,4,3,1,1,1,3,0,1
GP,M,18,R,LE3,3,2,services,other,3,5,4,1,1,4,0,1
GP,M,17,U,GT3,3,3,health,other,1,4,4,1,3,5,0,1
GP,F,19,U,GT3,4,4,health,other,2,2,3,2,3,2,2,1
GP,F,18,U,LE3,4,3,other,other,2,4,4,1,2,2,0,1
GP,F,18,U,GT3,4,3,other,other,4,4,3,1,1,3,0,1
GP,M,18,U,LE3,4,4,teacher,teacher,1,1,4,2,2,1,0,1
GP,F,18,U,LE3,4,4,health,other,2,4,2,1,1,4,0,1
GP,M,17,U,LE3,4,4,other,teacher,1,4,1,2,2,5,0,1
GP,F,17,R,GT3,4,4,services,services,3,5,3,1,1,5,0,0
GP,F,17,U,GT3,4,2,other,other,3,4,3,1,1,3,0,1
GP,F,17,U,GT3,3,2,health,health,4,5,2,1,2,5,0,1
GP,M,19,R,LE3,2,1,at_home,services,3,4,3,1,1,5,0,0
GP,M,20,U,GT3,3,2,services,other,1,5,5,1,1,5,0,1
GP,M,19,R,GT3,3,3,other,services,2,4,5,1,2,5,0,0
GP,F,18,U,GT3,1,4,other,teacher,2,3,4,1,2,5,2,0
GP,F,18,U,GT3,2,1,services,other,2,5,3,1,2,1,2,1
GP,F,17,U,GT3,2,3,other,other,2,4,2,1,1,3,2,1
GP,F,17,R,GT3,4,4,teacher,teacher,1,4,4,1,1,5,2,1
GP,F,18,U,GT3,4,3,other,other,3,4,3,1,1,5,2,1
GP,F,18,U,LE3,4,3,health,services,1,3,2,1,4,1,8,1
GP,F,17,R,GT3,3,4,at_home,services,3,4,3,2,5,5,2,1
GP,F,18,U,GT3,3,3,unknown,other,2,4,1,1,1,3,8,1
GP,M,19,U,GT3,4,2,health,other,2,5,4,1,1,1,9,0
GP,F,18,U,GT3,4,4,teacher,other,2,4,4,3,3,5,0,1
GP,F,18,U,GT3,3,4,other,other,1,5,4,1,1,1,4,1
GP,F,17,U,GT3,4,4,health,health,1,5,3,1,2,5,2,1
GP,F,17,U,GT3,4,3,services,services,2,5,2,1,2,5,14,1
GP,F,17,U,LE3,3,3,services,other,2,5,3,1,1,5,0,1
GP,F,17,U,LE3,2,1,other,other,2,4,2,2,2,2,2,1
GP,M,18,U,LE3,4,4,other,other,1,4,2,3,4,5,2,0
GP,F,19,U,GT3,1,1,other,other,3,1,5,4,3,5,12,0
GP,F,19,U,LE3,1,1,other,other,2,5,3,1,1,4,2,0
GP,F,18,U,GT3,2,2,other,other,1,4,3,2,4,5,2,0
GP,F,17,U,GT3,2,2,other,other,2,4,2,1,1,3,4,1
GP,F,17,R,LE3,2,2,services,services,3,3,3,2,2,3,0,0
GP,F,17,U,GT3,3,1,services,services,3,3,4,2,3,5,0,1
GP,F,17,U,LE3,0,2,at_home,at_home,3,3,3,2,3,2,0,1
GP,F,18,U,GT3,1,1,other,other,3,4,5,1,2,2,0,1
GP,M,18,U,GT3,4,4,other,other,3,4,3,2,2,3,0,1
GP,M,17,U,GT3,3,3,other,services,1,4,3,3,5,5,0,1
GP,M,17,R,GT3,2,2,services,other,1,4,4,5,5,4,2,0
GP,F,17,U,GT3,4,4,teacher,services,3,5,4,1,3,4,0,1
GP,F,17,U,GT3,4,4,teacher,teacher,3,4,3,1,2,4,4,1
GP,F,17,U,GT3,3,3,at_home,other,1,4,2,2,5,5,2,0
GP,M,18,U,LE3,2,2,other,other,4,4,5,2,4,5,0,0
GP,M,19,R,GT3,3,2,at_home,services,1,5,3,2,2,5,0,0
GP,F,18,U,GT3,2,2,at_home,other,2,4,2,1,1,2,2,0
GP,F,17,R,GT3,2,4,at_home,other,3,4,4,1,1,5,0,1
GP,M,18,U,GT3,2,2,other,other,1,5,4,1,2,5,6,1
GP,F,18,U,GT3,3,3,services,services,2,5,3,1,1,4,8,0
GP,F,18,U,LE3,2,2,other,other,2,4,3,1,1,2,0,0
GP,F,18,R,GT3,2,2,at_home,other,4,4,4,1,1,4,6,1
GP,F,17,U,GT3,3,4,services,other,3,4,4,1,3,5,8,1
GP,F,17,U,GT3,3,2,other,other,2,4,3,2,3,2,0,1
GP,F,18,U,LE3,3,3,unknown,services,4,5,3,1,1,1,4,1
GP,F,17,R,GT3,3,2,other,other,2,4,3,2,3,2,0,1
GP,M,18,U,GT3,4,4,teacher,services,2,4,3,2,2,2,0,1
GP,M,18,U,LE3,3,4,services,other,2,4,3,1,3,5,6,1
GP,F,17,U,GT3,2,2,at_home,at_home,2,3,3,1,2,4,18,1
GP,F,18,U,GT3,2,3,at_home,other,3,4,3,1,2,3,0,1
GP,F,18,U,GT3,3,2,other,services,3,5,4,2,3,1,4,1
GP,M,18,R,GT3,4,3,teacher,services,3,5,3,1,2,4,4,1
GP,M,18,U,GT3,4,3,teacher,other,3,5,4,2,3,5,0,1
GP,F,17,U,GT3,4,3,health,other,3,4,4,1,3,4,0,1
GP,F,17,U,GT3,2,1,services,other,2,4,3,2,2,1,10,1
GP,F,17,U,GT3,2,1,services,other,2,4,3,2,4,4,4,1
GP,F,19,U,LE3,2,3,at_home,other,1,2,2,3,4,5,16,0
GP,F,17,U,GT3,3,1,other,at_home,1,4,1,1,1,3,6,1
GP,F,21,U,LE3,4,4,other,other,3,3,3,1,1,5,0,0
GP,M,18,U,LE3,2,2,services,services,2,4,4,1,3,3,11,0
GP,M,18,U,LE3,3,4,other,other,2,4,3,1,4,2,9,1
GP,F,17,U,GT3,2,2,services,services,2,4,3,1,3,4,0,1
GP,M,17,U,LE3,4,4,health,other,3,4,4,1,2,4,2,1
GP,F,18,U,LE3,4,2,teacher,other,2,4,2,1,1,3,0,1
GP,M,21,R,LE3,1,1,at_home,other,2,5,3,5,2,4,21,0
GP,F,20,R,GT3,1,1,other,other,3,3,2,1,3,3,8,1
GP,F,19,U,GT3,4,4,teacher,other,1,3,2,4,4,5,5,0
GP,M,17,U,LE3,3,2,other,other,2,4,4,1,2,5,10,1
GP,F,18,U,GT3,3,2,at_home,other,3,4,3,1,2,2,5,1
GP,M,18,R,GT3,2,3,other,services,1,3,1,4,5,4,13,1
GP,M,19,U,GT3,2,1,other,other,1,5,3,1,4,4,10,0
GP,F,18,U,LE3,2,2,services,other,2,4,1,1,3,4,10,1
GP,F,20,U,GT3,1,0,other,other,1,5,3,1,1,5,5,0
GP,F,18,U,GT3,3,2,services,other,2,3,1,1,2,1,4,1
MS,F,16,U,GT3,1,3,at_home,other,1,4,3,1,3,5,11,0
MS,F,16,R,GT3,2,2,other,other,2,4,4,1,1,5,0,0
MS,F,15,R,GT3,1,1,at_home,services,1,4,1,1,1,2,6,0
MS,F,15,R,GT3,3,3,at_home,other,1,5,4,2,3,5,4,0
MS,F,16,R,GT3,2,3,at_home,services,2,4,5,1,2,5,0,1
MS,F,15,R,LE3,2,1,at_home,other,1,1,3,1,1,1,0,0
MS,M,16,R,LE3,4,4,at_home,other,2,5,3,1,3,2,5,0
MS,M,16,U,GT3,1,2,other,other,3,4,4,1,1,5,0,0
MS,F,17,R,GT3,3,2,at_home,other,2,4,5,1,2,5,0,0
MS,F,17,R,GT3,1,1,other,other,1,5,4,2,2,5,0,0
MS,F,15,R,GT3,4,4,teacher,other,1,1,5,3,5,5,0,1
MS,F,16,U,LE3,2,2,at_home,other,4,1,2,1,1,1,4,0
MS,F,15,R,LE3,1,1,at_home,services,2,5,4,1,2,4,0,0
MS,F,15,R,LE3,1,1,other,services,1,4,4,1,2,2,4,0
MS,F,16,R,GT3,0,2,other,other,1,3,2,1,2,2,0,0
MS,F,17,R,GT3,2,3,unknown,other,1,5,5,1,3,3,2,0
MS,F,15,R,GT3,3,3,other,services,1,4,1,1,1,4,0,1
MS,M,16,U,GT3,1,1,at_home,services,2,5,4,4,5,3,0,0
MS,M,17,U,GT3,1,1,other,other,2,4,4,2,4,5,4,0
MS,M,15,R,LE3,4,1,health,services,2,5,3,1,2,2,0,1
MS,M,15,R,LE3,4,1,health,services,2,5,3,1,2,2,7,0
MS,M,16,R,GT3,3,4,other,health,2,3,4,1,2,5,4,0
MS,M,15,R,GT3,1,1,other,other,2,5,4,2,4,4,8,0
MS,M,15,U,LE3,3,3,at_home,at_home,2,5,3,1,1,5,0,0
MS,M,17,R,GT3,2,1,other,other,1,5,5,5,5,3,8,0
MS,F,16,R,GT3,4,4,teacher,teacher,3,4,2,1,1,4,6,1
MS,F,15,R,GT3,1,2,other,services,1,5,1,1,1,1,3,1
MS,F,16,R,GT3,2,3,other,services,2,4,5,1,2,1,2,1
MS,M,16,R,GT3,1,2,other,other,2,4,3,1,1,5,0,0
MS,F,16,R,GT3,2,2,other,other,2,4,4,1,1,4,4,0
MS,F,16,U,GT3,1,2,other,services,3,1,3,1,2,4,0,0
MS,F,16,U,GT3,1,2,other,services,3,1,3,1,2,4,3,0
MS,F,15,U,GT3,2,1,at_home,other,2,4,4,3,3,2,0,0
MS,F,16,U,GT3,1,1,at_home,other,2,5,4,2,1,2,0,1
MS,M,17,R,LE3,1,2,at_home,services,1,5,5,5,5,3,4,0
MS,F,16,R,GT3,1,1,other,other,4,4,3,1,1,1,0,1
MS,F,16,R,GT3,1,1,at_home,other,3,4,4,1,1,5,2,0
MS,F,15,R,GT3,1,1,at_home,other,2,4,3,1,1,2,1,0
MS,F,16,R,GT3,1,1,at_home,other,1,4,2,4,3,2,0,1
MS,F,15,R,GT3,1,1,at_home,at_home,2,4,2,1,2,2,0,1
MS,F,15,R,LE3,2,2,other,other,3,4,4,2,2,5,2,0
MS,M,16,R,GT3,1,1,at_home,other,1,3,4,3,4,5,6,0
MS,F,18,U,GT3,1,2,other,other,2,3,4,2,3,5,9,0
MS,M,15,U,GT3,3,1,other,services,1,3,2,1,3,4,0,0
MS,F,16,R,GT3,2,2,other,services,2,5,3,1,1,2,1,1
MS,M,15,U,GT3,2,2,health,other,1,4,3,1,2,4,1,1
MS,M,16,U,GT3,4,4,other,teacher,2,4,3,1,1,3,0,1
MS,F,15,R,GT3,3,3,services,other,2,4,5,1,1,1,4,0
MS,F,16,R,GT3,2,2,unknown,other,2,4,4,2,3,5,2,0
MS,F,16,R,LE3,2,2,other,other,1,4,3,1,1,4,0,1
MS,M,16,U,LE3,2,1,at_home,services,1,2,4,2,3,4,4,0
MS,M,15,R,LE3,1,3,at_home,other,1,4,2,3,5,3,2,0
MS,F,15,U,GT3,2,2,other,services,3,5,3,1,1,4,0,1
MS,F,16,R,LE3,2,1,other,other,1,5,4,1,1,5,2,0
MS,M,15,U,GT3,3,3,services,services,1,4,3,2,4,3,11,0
MS,F,16,R,GT3,1,1,at_home,other,2,3,4,1,1,1,0,0
MS,F,17,U,GT3,2,2,other,at_home,1,4,5,1,1,5,4,0
MS,F,19,U,GT3,2,3,at_home,services,1,4,4,1,1,2,0,0
MS,F,17,R,GT3,2,1,at_home,other,1,5,5,1,1,3,2,0
MS,F,15,R,LE3,1,1,at_home,other,1,5,2,1,3,4,0,0
MS,F,16,R,GT3,2,2,other,other,2,3,4,1,2,1,1,0
MS,F,16,U,LE3,2,2,other,other,1,4,3,1,2,1,6,0
MS,F,17,R,GT3,2,2,at_home,other,2,4,3,1,2,4,0,0
MS,F,16,U,GT3,2,2,other,services,1,4,4,1,4,3,1,0
MS,F,18,R,LE3,3,2,other,other,3,3,3,1,1,2,6,0
MS,F,19,U,GT3,1,1,at_home,services,3,5,3,1,1,3,6,0
MS,M,18,R,GT3,1,1,other,other,1,4,4,3,4,4,0,0
MS,F,18,R,GT3,1,1,at_home,at_home,1,3,2,1,1,2,4,0
MS,F,19,U,GT3,1,1,other,other,2,1,1,4,1,1,12,0
MS,F,16,R,GT3,2,2,health,other,2,3,3,1,1,3,2,0
MS,F,17,U,GT3,0,1,other,at_home,1,2,4,3,5,5,5,0
MS,F,16,R,LE3,1,2,at_home,other,2,4,4,1,3,3,0,0
MS,F,16,U,GT3,3,3,other,other,1,4,5,1,1,4,0,1
MS,F,16,R,LE3,1,1,services,services,1,4,4,2,2,4,2,1
MS,M,17,U,GT3,3,3,services,at_home,4,5,4,3,4,5,0,0
MS,F,16,U,GT3,2,1,other,services,2,5,3,1,1,1,0,1
MS,F,16,U,GT3,2,2,services,other,1,4,2,1,2,5,0,1
MS,M,17,U,GT3,1,2,other,other,1,5,3,5,5,1,12,0
MS,M,16,U,LE3,4,3,other,other,1,4,2,1,5,5,8,1
MS,M,17,R,LE3,2,2,services,services,4,1,3,3,5,3,2,0
MS,F,16,U,GT3,1,1,other,other,4,2,2,1,1,5,0,1
MS,F,19,U,LE3,2,2,unknown,other,3,5,4,1,1,1,0,1
MS,F,17,R,GT3,1,1,at_home,other,1,4,4,1,2,5,0,0
MS,F,20,U,GT3,3,3,at_home,services,2,3,3,2,4,3,8,0
MS,F,17,U,LE3,1,1,other,services,3,4,3,1,1,3,0,0
MS,M,17,R,GT3,2,2,other,other,1,4,4,1,2,5,0,0
MS,F,16,R,LE3,1,1,at_home,other,2,5,3,1,1,1,0,1
MS,F,17,R,GT3,2,2,other,other,2,5,3,1,1,1,0,1
MS,F,17,U,GT3,1,0,other,other,2,4,4,1,1,4,1,0
MS,F,18,R,GT3,1,1,at_home,other,2,4,3,1,1,5,9,0
MS,F,16,U,GT3,3,1,other,other,1,3,1,1,3,1,0,0
MS,F,16,U,GT3,3,2,services,at_home,1,3,1,1,4,3,2,0
MS,F,18,U,LE3,1,1,other,at_home,2,2,3,1,4,3,8,0
MS,F,16,R,GT3,4,4,health,teacher,2,4,3,2,3,2,0,1
MS,F,16,R,LE3,1,2,other,other,1,5,4,1,4,2,0,1
MS,F,18,U,GT3,2,4,other,services,2,2,3,1,3,1,8,0
MS,M,16,R,GT3,2,1,other,services,2,5,2,1,1,2,0,0
MS,F,16,U,LE3,1,1,at_home,other,2,4,3,1,3,5,6,0
MS,F,16,R,GT3,2,3,at_home,services,2,3,3,1,1,2,0,0
MS,F,16,U,GT3,4,4,health,health,2,4,3,1,2,3,4,0
MS,M,18,U,LE3,4,4,at_home,health,4,5,5,5,5,5,2,0
MS,F,16,R,LE3,3,4,at_home,other,2,4,2,1,1,2,2,0
MS,M,17,U,LE3,4,4,other,services,3,4,4,1,2,5,0,1
MS,F,17,R,GT3,4,1,other,other,1,4,2,1,2,5,1,1
MS,M,16,U,LE3,2,2,services,services,3,5,1,2,2,3,0,0
MS,F,17,R,GT3,2,2,at_home,other,1,5,1,1,2,5,5,0
MS,F,16,U,LE3,4,4,services,services,1,5,1,1,2,5,1,0
MS,M,17,U,GT3,3,3,services,services,1,4,1,5,5,3,8,0
MS,M,17,U,GT3,1,1,at_home,services,2,5,1,3,3,1,0,0
MS,M,16,U,GT3,2,1,health,services,2,4,2,1,4,5,2,0
MS,F,16,U,LE3,2,1,other,services,2,3,2,1,1,3,0,1
MS,M,16,U,LE3,4,4,teacher,health,1,4,1,2,5,5,0,0
MS,M,15,R,GT3,1,2,other,services,2,5,5,1,3,5,11,0
MS,M,15,U,LE3,2,2,other,other,4,5,4,2,3,5,8,1
MS,M,15,U,LE3,2,1,services,services,1,4,3,1,2,5,11,0
MS,F,16,R,LE3,2,2,other,other,3,4,3,2,2,5,2,0
MS,F,16,U,LE3,4,1,other,other,2,1,2,2,2,1,8,0
MS,F,17,U,GT3,3,2,at_home,other,1,4,3,2,2,1,5,0
MS,F,17,R,GT3,2,2,other,other,2,5,1,1,1,5,0,0
MS,F,16,U,GT3,4,4,teacher,services,3,5,3,1,4,5,1,0
MS,M,17,R,GT3,4,4,unknown,other,1,3,3,1,3,5,2,0
MS,M,17,R,LE3,1,3,other,other,1,5,1,3,3,5,2,0
MS,M,17,U,GT3,3,4,services,other,2,5,4,3,4,5,8,0
MS,F,17,U,GT3,4,4,health,health,2,5,2,1,1,5,0,1
MS,M,16,R,LE3,4,1,other,at_home,1,4,1,2,1,2,0,0
MS,F,17,U,GT3,1,1,at_home,at_home,2,4,5,1,2,3,2,0
MS,F,17,R,GT3,4,2,other,other,2,4,3,2,3,5,0,1
MS,M,16,U,LE3,2,2,other,services,2,4,1,2,2,5,0,1
MS,M,17,U,GT3,3,2,other,other,2,4,1,2,2,1,0,1
MS,M,19,U,GT3,1,1,other,other,2,4,4,3,4,4,2,0
MS,M,17,U,LE3,1,0,other,other,1,4,1,1,1,5,4,0
MS,F,17,R,GT3,1,1,at_home,at_home,1,3,5,2,2,4,3,0
MS,F,16,R,GT3,1,2,other,other,3,4,3,1,1,3,5,1
MS,M,16,R,LE3,1,2,other,at_home,1,4,4,2,4,5,4,0
MS,F,17,R,GT3,3,1,other,other,2,5,4,1,1,5,2,0
MS,M,17,R,GT3,2,2,other,other,1,5,5,3,5,5,0,0
MS,M,18,R,GT3,1,0,at_home,at_home,1,4,3,1,1,4,0,1
MS,M,17,R,GT3,1,1,other,services,1,4,5,1,3,2,0,0
MS,M,18,U,LE3,1,1,at_home,at_home,2,4,3,1,4,5,6,0
MS,F,16,R,LE3,2,2,other,services,2,5,4,1,1,1,0,0
MS,M,17,U,GT3,2,2,other,other,1,1,2,2,3,5,0,0
MS,M,16,R,GT3,3,2,services,other,1,4,5,2,3,5,2,0
MS,M,16,R,LE3,1,1,at_home,other,1,4,5,2,4,5,0,0
MS,M,18,R,GT3,1,1,services,other,1,5,3,2,3,5,2,0
MS,M,18,R,GT3,3,2,services,other,1,2,3,2,2,5,0,0
MS,M,19,U,GT3,3,2,at_home,services,1,3,2,1,1,3,4,0
MS,M,18,U,GT3,3,3,at_home,at_home,2,4,4,1,3,3,9,0
MS,M,16,R,GT3,2,2,services,services,1,5,4,2,4,4,6,0
MS,M,19,U,GT3,2,1,at_home,other,1,4,4,1,3,5,4,0
MS,F,16,U,GT3,3,2,services,at_home,2,2,5,1,1,1,8,0
MS,F,17,U,GT3,1,1,other,at_home,1,4,3,1,2,5,9,0
MS,M,20,R,GT3,1,1,other,other,1,4,4,2,4,4,12,0
MS,F,18,R,GT3,4,3,services,services,1,5,4,3,4,2,8,0
MS,M,18,R,GT3,3,2,other,other,1,2,5,5,5,5,8,0
MS,M,19,R,GT3,1,1,other,services,2,5,4,3,3,2,8,0
MS,M,17,U,GT3,3,3,health,other,2,4,5,2,3,3,4,0
MS,M,18,U,LE3,1,3,at_home,services,1,4,3,2,3,3,0,0
MS,M,19,R,GT3,1,1,other,other,1,4,4,3,3,5,4,0
MS,F,18,U,GT3,1,2,at_home,other,2,4,3,1,1,5,2,0
MS,F,19,U,LE3,1,1,at_home,other,1,1,4,1,1,5,0,0
MS,F,18,R,GT3,2,2,other,other,1,5,5,1,1,3,0,0
MS,F,17,R,GT3,0,0,at_home,other,1,4,4,1,1,5,0,0
MS,F,17,R,LE3,3,1,unknown,at_home,3,4,2,2,2,3,5,0
MS,F,17,U,GT3,4,2,teacher,services,2,5,5,1,3,5,0,0
MS,F,18,R,LE3,2,2,services,services,2,2,3,1,2,4,3,0
MS,F,17,U,GT3,4,1,health,at_home,1,3,2,1,1,5,0,0
MS,F,17,U,LE3,1,2,at_home,other,1,5,5,1,1,3,0,0
MS,F,18,U,GT3,1,1,other,other,2,3,4,2,2,5,3,0
MS,F,18,U,GT3,2,2,services,at_home,2,4,3,1,1,1,2,1
MS,F,17,U,GT3,3,3,services,services,1,4,4,1,1,4,0,1
MS,F,18,U,LE3,1,2,at_home,other,2,4,4,1,2,4,0,1
MS,F,18,U,GT3,4,4,teacher,teacher,2,4,3,1,2,1,0,1
MS,M,18,U,LE3,4,4,services,other,1,5,4,1,1,5,3,1
MS,F,17,U,GT3,4,2,other,other,2,4,3,1,2,4,0,1
MS,F,18,R,GT3,2,2,at_home,other,2,4,3,1,1,4,0,0
MS,M,18,U,LE3,1,2,at_home,unknown,1,4,1,5,5,1,8,0
MS,M,18,R,GT3,4,4,at_home,services,1,2,5,1,1,1,5,1
MS,M,17,R,GT3,1,1,other,services,1,4,2,3,4,4,4,1
MS,F,18,U,GT3,2,2,other,other,2,1,3,1,1,2,4,0
MS,F,18,U,LE3,2,2,services,services,3,5,4,1,4,3,0,1
MS,F,18,R,LE3,4,2,teacher,other,2,5,3,1,1,5,0,0
MS,F,18,U,GT3,1,1,at_home,services,2,4,4,1,2,2,2,0
MS,F,19,U,GT3,1,1,at_home,services,1,5,5,2,3,2,0,0
MS,F,17,U,GT3,4,2,teacher,other,4,4,2,3,1,5,0,1
MS,F,17,R,LE3,2,1,services,other,2,5,3,1,2,2,5,0
MS,F,18,U,LE3,1,1,at_home,services,2,5,2,1,2,3,2,0
MS,F,18,U,GT3,1,2,at_home,at_home,2,4,1,1,1,4,0,0
MS,F,19,R,GT3,1,1,at_home,at_home,2,3,5,1,4,1,0,0
MS,F,18,R,GT3,2,2,services,other,3,4,2,1,1,4,5,1
MS,M,17,R,GT3,4,3,services,other,2,4,5,1,3,2,4,0
MS,F,18,U,GT3,3,3,services,unknown,2,5,3,1,1,5,0,0
MS,F,17,R,GT3,4,4,teacher,services,2,4,3,1,2,5,2,0
MS,F,17,U,LE3,3,2,services,other,2,1,2,1,2,5,0,1
MS,M,18,U,LE3,1,1,other,services,1,3,3,1,2,3,2,1
MS,F,18,U,LE3,1,1,at_home,services,3,5,3,1,1,4,0,1
MS,F,18,R,LE3,1,2,at_home,other,2,4,3,1,4,5,0,1
MS,F,18,U,GT3,3,3,services,services,2,4,3,1,3,3,6,1
MS,F,17,U,LE3,4,4,at_home,at_home,2,2,3,1,1,1,4,1
MS,F,17,R,GT3,1,2,other,services,2,3,2,1,2,3,0,1
MS,M,18,R,GT3,1,3,at_home,other,2,3,3,2,4,3,0,0
MS,M,18,U,LE3,4,4,teacher,services,3,4,2,2,2,5,0,1
MS,F,17,R,GT3,1,1,other,services,1,5,2,1,2,1,0,0
MS,F,18,U,GT3,2,3,at_home,services,1,5,2,1,2,4,0,0
MS,F,18,R,GT3,4,4,other,teacher,2,3,2,4,2,5,0,0
MS,M,18,R,LE3,1,2,at_home,services,1,4,3,2,3,3,3,0
MS,F,17,U,GT3,2,2,other,at_home,3,3,4,1,1,3,8,0
MS,F,17,R,GT3,1,2,other,other,1,3,5,1,3,1,4,0
MS,F,18,R,LE3,4,4,other,other,3,5,4,1,1,1,0,1
MS,F,18,R,GT3,1,1,other,other,3,4,3,1,2,4,4,0
MS,F,19,R,GT3,1,1,at_home,other,2,4,3,1,1,3,4,0
MS,F,18,R,LE3,4,4,teacher,services,2,5,4,3,4,2,1,1
MS,F,18,U,GT3,3,3,other,other,2,4,1,1,2,1,1,1
MS,F,17,R,GT3,3,1,at_home,other,2,4,5,2,3,1,10,0
MS,M,18,U,GT3,4,4,teacher,unknown,2,3,2,1,4,2,4,1
MS,M,18,R,GT3,2,1,other,unknown,1,4,4,1,3,5,0,0
MS,M,17,U,GT3,2,3,unknown,services,2,4,4,1,1,3,4,1
MS,M,19,R,GT3,1,1,other,services,1,4,3,1,3,5,0,0
MS,M,18,R,GT3,4,2,other,other,1,5,4,4,3,3,0,0
MS,F,18,R,GT3,2,2,at_home,other,3,5,3,1,3,4,0,1
MS,F,17,U,GT3,4,3,teacher,other,2,5,5,1,1,1,0,0
MS,F,18,R,GT3,4,4,teacher,unknown,1,4,4,2,2,5,4,0
MS,F,19,R,GT3,2,3,services,other,3,5,4,1,2,5,4,0
MS,F,18,U,LE3,3,1,teacher,services,2,4,3,1,1,1,4,1
MS,F,18,U,GT3,1,1,other,other,2,1,1,1,1,5,6,0
MS,M,17,U,LE3,3,1,services,services,1,2,4,3,4,2,6,0
MS,M,18,R,LE3,3,2,services,other,1,4,4,3,4,5,4,0
